Command line invocation:
    /Applications/Xcode.app/Contents/Developer/usr/bin/xcodebuild test -project GeneratorRunner/GeneratorRunner.xcodeproj -scheme GeneratorRunnerTests -destination "platform=iOS Simulator,id=50B7A5E5-3114-4525-994F-C7D547D3E5B8" -derivedDataPath .build/xcode-dd -resultBundlePath .build/debug-output/KitchenSinkSmoke.xcresult "-only-testing:GeneratorRunnerTests/KitchenSinkValidationTest/testKitchenSinkBoundingBoxes" CODE_SIGNING_ALLOWED=NO

Build settings from command line:
    CODE_SIGNING_ALLOWED = NO

Writing result bundle at path:
	/Users/josephmccraw/Documents/GitHub/NativeUIAuditKit/.build/debug-output/KitchenSinkSmoke.xcresult

--- xcodebuild: WARNING: Using the first of multiple matching destinations:
{ platform:iOS Simulator, arch:arm64, id:50B7A5E5-3114-4525-994F-C7D547D3E5B8, OS:18.3.1, name:iPhone 16 }
{ platform:iOS Simulator, arch:x86_64, id:50B7A5E5-3114-4525-994F-C7D547D3E5B8, OS:18.3.1, name:iPhone 16 }
ComputePackagePrebuildTargetDependencyGraph

Prepare packages

CreateBuildRequest

SendProjectDescription

CreateBuildOperation

ComputeTargetDependencyGraph
note: Building targets in dependency order
note: Target dependency graph (2 targets)
    Target 'GeneratorRunnerTests' in project 'GeneratorRunner'
        ➜ Explicit dependency on target 'GeneratorRunner' in project 'GeneratorRunner'
    Target 'GeneratorRunner' in project 'GeneratorRunner' (no dependencies)

GatherProvisioningInputs

CreateBuildDescription

ExecuteExternalTool /Applications/Xcode.app/Contents/Developer/Toolchains/XcodeDefault.xctoolchain/usr/bin/swiftc --version

ExecuteExternalTool /Applications/Xcode.app/Contents/Developer/Toolchains/XcodeDefault.xctoolchain/usr/bin/clang -v -E -dM -isysroot /Applications/Xcode.app/Contents/Developer/Platforms/iPhoneSimulator.platform/Developer/SDKs/iPhoneSimulator26.5.sdk -x c -c /dev/null

ExecuteExternalTool /Applications/Xcode.app/Contents/Developer/Toolchains/XcodeDefault.xctoolchain/usr/bin/ld -version_details

Build description signature: 6032dfd564d02c3396856878fef8f305
Build description path: /Users/josephmccraw/Documents/GitHub/NativeUIAuditKit/.build/xcode-dd/Build/Intermediates.noindex/XCBuildData/6032dfd564d02c3396856878fef8f305.xcbuilddata
ClangStatCache /Applications/Xcode.app/Contents/Developer/Toolchains/XcodeDefault.xctoolchain/usr/bin/clang-stat-cache /Applications/Xcode.app/Contents/Developer/Platforms/iPhoneSimulator.platform/Developer/SDKs/iPhoneSimulator26.5.sdk /Users/josephmccraw/Documents/GitHub/NativeUIAuditKit/.build/xcode-dd/SDKStatCaches.noindex/iphonesimulator26.5-23F81a-6cfe768891a92b912361537c460fe42b.sdkstatcache
    cd /Users/josephmccraw/Documents/GitHub/NativeUIAuditKit/GeneratorRunner/GeneratorRunner.xcodeproj
    /Applications/Xcode.app/Contents/Developer/Toolchains/XcodeDefault.xctoolchain/usr/bin/clang-stat-cache /Applications/Xcode.app/Contents/Developer/Platforms/iPhoneSimulator.platform/Developer/SDKs/iPhoneSimulator26.5.sdk -o /Users/josephmccraw/Documents/GitHub/NativeUIAuditKit/.build/xcode-dd/SDKStatCaches.noindex/iphonesimulator26.5-23F81a-6cfe768891a92b912361537c460fe42b.sdkstatcache

WriteAuxiliaryFile /Users/josephmccraw/Documents/GitHub/NativeUIAuditKit/.build/xcode-dd/Build/Intermediates.noindex/GeneratorRunner.build/Debug-iphonesimulator/GeneratorRunner-a3ddaf2211e8ba0c026460022a743b24-VFS-iphonesimulator/all-product-headers.yaml
    cd /Users/josephmccraw/Documents/GitHub/NativeUIAuditKit/GeneratorRunner/GeneratorRunner.xcodeproj
    write-file /Users/josephmccraw/Documents/GitHub/NativeUIAuditKit/.build/xcode-dd/Build/Intermediates.noindex/GeneratorRunner.build/Debug-iphonesimulator/GeneratorRunner-a3ddaf2211e8ba0c026460022a743b24-VFS-iphonesimulator/all-product-headers.yaml

CreateBuildDirectory /Users/josephmccraw/Documents/GitHub/NativeUIAuditKit/.build/xcode-dd/Build/Products/Debug-iphonesimulator
    cd /Users/josephmccraw/Documents/GitHub/NativeUIAuditKit/GeneratorRunner/GeneratorRunner.xcodeproj
    builtin-create-build-directory /Users/josephmccraw/Documents/GitHub/NativeUIAuditKit/.build/xcode-dd/Build/Products/Debug-iphonesimulator

CreateBuildDirectory /Users/josephmccraw/Documents/GitHub/NativeUIAuditKit/.build/xcode-dd/Build/Intermediates.noindex/EagerLinkingTBDs/Debug-iphonesimulator
    cd /Users/josephmccraw/Documents/GitHub/NativeUIAuditKit/GeneratorRunner/GeneratorRunner.xcodeproj
    builtin-create-build-directory /Users/josephmccraw/Documents/GitHub/NativeUIAuditKit/.build/xcode-dd/Build/Intermediates.noindex/EagerLinkingTBDs/Debug-iphonesimulator

WriteAuxiliaryFile /Users/josephmccraw/Documents/GitHub/NativeUIAuditKit/.build/xcode-dd/Build/Intermediates.noindex/GeneratorRunner.build/Debug-iphonesimulator/GeneratorRunnerTests.build/GeneratorRunnerTests.hmap (in target 'GeneratorRunnerTests' from project 'GeneratorRunner')
    cd /Users/josephmccraw/Documents/GitHub/NativeUIAuditKit/GeneratorRunner
    write-file /Users/josephmccraw/Documents/GitHub/NativeUIAuditKit/.build/xcode-dd/Build/Intermediates.noindex/GeneratorRunner.build/Debug-iphonesimulator/GeneratorRunnerTests.build/GeneratorRunnerTests.hmap

WriteAuxiliaryFile /Users/josephmccraw/Documents/GitHub/NativeUIAuditKit/.build/xcode-dd/Build/Intermediates.noindex/GeneratorRunner.build/Debug-iphonesimulator/GeneratorRunnerTests.build/GeneratorRunnerTests-all-non-framework-target-headers.hmap (in target 'GeneratorRunnerTests' from project 'GeneratorRunner')
    cd /Users/josephmccraw/Documents/GitHub/NativeUIAuditKit/GeneratorRunner
    write-file /Users/josephmccraw/Documents/GitHub/NativeUIAuditKit/.build/xcode-dd/Build/Intermediates.noindex/GeneratorRunner.build/Debug-iphonesimulator/GeneratorRunnerTests.build/GeneratorRunnerTests-all-non-framework-target-headers.hmap

WriteAuxiliaryFile /Users/josephmccraw/Documents/GitHub/NativeUIAuditKit/.build/xcode-dd/Build/Intermediates.noindex/GeneratorRunner.build/Debug-iphonesimulator/GeneratorRunnerTests.build/empty-GeneratorRunnerTests.plist (in target 'GeneratorRunnerTests' from project 'GeneratorRunner')
    cd /Users/josephmccraw/Documents/GitHub/NativeUIAuditKit/GeneratorRunner
    write-file /Users/josephmccraw/Documents/GitHub/NativeUIAuditKit/.build/xcode-dd/Build/Intermediates.noindex/GeneratorRunner.build/Debug-iphonesimulator/GeneratorRunnerTests.build/empty-GeneratorRunnerTests.plist

WriteAuxiliaryFile /Users/josephmccraw/Documents/GitHub/NativeUIAuditKit/.build/xcode-dd/Build/Intermediates.noindex/GeneratorRunner.build/Debug-iphonesimulator/GeneratorRunnerTests.build/Objects-normal/arm64/GeneratorRunnerTests_const_extract_protocols.json (in target 'GeneratorRunnerTests' from project 'GeneratorRunner')
    cd /Users/josephmccraw/Documents/GitHub/NativeUIAuditKit/GeneratorRunner
    write-file /Users/josephmccraw/Documents/GitHub/NativeUIAuditKit/.build/xcode-dd/Build/Intermediates.noindex/GeneratorRunner.build/Debug-iphonesimulator/GeneratorRunnerTests.build/Objects-normal/arm64/GeneratorRunnerTests_const_extract_protocols.json

WriteAuxiliaryFile /Users/josephmccraw/Documents/GitHub/NativeUIAuditKit/.build/xcode-dd/Build/Intermediates.noindex/GeneratorRunner.build/Debug-iphonesimulator/GeneratorRunnerTests.build/Objects-normal/arm64/GeneratorRunnerTests.SwiftFileList (in target 'GeneratorRunnerTests' from project 'GeneratorRunner')
    cd /Users/josephmccraw/Documents/GitHub/NativeUIAuditKit/GeneratorRunner
    write-file /Users/josephmccraw/Documents/GitHub/NativeUIAuditKit/.build/xcode-dd/Build/Intermediates.noindex/GeneratorRunner.build/Debug-iphonesimulator/GeneratorRunnerTests.build/Objects-normal/arm64/GeneratorRunnerTests.SwiftFileList

WriteAuxiliaryFile /Users/josephmccraw/Documents/GitHub/NativeUIAuditKit/.build/xcode-dd/Build/Intermediates.noindex/GeneratorRunner.build/Debug-iphonesimulator/GeneratorRunnerTests.build/Objects-normal/arm64/GeneratorRunnerTests.SwiftConstValuesFileList (in target 'GeneratorRunnerTests' from project 'GeneratorRunner')
    cd /Users/josephmccraw/Documents/GitHub/NativeUIAuditKit/GeneratorRunner
    write-file /Users/josephmccraw/Documents/GitHub/NativeUIAuditKit/.build/xcode-dd/Build/Intermediates.noindex/GeneratorRunner.build/Debug-iphonesimulator/GeneratorRunnerTests.build/Objects-normal/arm64/GeneratorRunnerTests.SwiftConstValuesFileList

WriteAuxiliaryFile /Users/josephmccraw/Documents/GitHub/NativeUIAuditKit/.build/xcode-dd/Build/Intermediates.noindex/GeneratorRunner.build/Debug-iphonesimulator/GeneratorRunnerTests.build/GeneratorRunnerTests-project-headers.hmap (in target 'GeneratorRunnerTests' from project 'GeneratorRunner')
    cd /Users/josephmccraw/Documents/GitHub/NativeUIAuditKit/GeneratorRunner
    write-file /Users/josephmccraw/Documents/GitHub/NativeUIAuditKit/.build/xcode-dd/Build/Intermediates.noindex/GeneratorRunner.build/Debug-iphonesimulator/GeneratorRunnerTests.build/GeneratorRunnerTests-project-headers.hmap

WriteAuxiliaryFile /Users/josephmccraw/Documents/GitHub/NativeUIAuditKit/.build/xcode-dd/Build/Intermediates.noindex/GeneratorRunner.build/Debug-iphonesimulator/GeneratorRunnerTests.build/Objects-normal/arm64/GeneratorRunnerTests.LinkFileList (in target 'GeneratorRunnerTests' from project 'GeneratorRunner')
    cd /Users/josephmccraw/Documents/GitHub/NativeUIAuditKit/GeneratorRunner
    write-file /Users/josephmccraw/Documents/GitHub/NativeUIAuditKit/.build/xcode-dd/Build/Intermediates.noindex/GeneratorRunner.build/Debug-iphonesimulator/GeneratorRunnerTests.build/Objects-normal/arm64/GeneratorRunnerTests.LinkFileList

WriteAuxiliaryFile /Users/josephmccraw/Documents/GitHub/NativeUIAuditKit/.build/xcode-dd/Build/Intermediates.noindex/GeneratorRunner.build/Debug-iphonesimulator/GeneratorRunnerTests.build/Objects-normal/arm64/GeneratorRunnerTests-OutputFileMap.json (in target 'GeneratorRunnerTests' from project 'GeneratorRunner')
    cd /Users/josephmccraw/Documents/GitHub/NativeUIAuditKit/GeneratorRunner
    write-file /Users/josephmccraw/Documents/GitHub/NativeUIAuditKit/.build/xcode-dd/Build/Intermediates.noindex/GeneratorRunner.build/Debug-iphonesimulator/GeneratorRunnerTests.build/Objects-normal/arm64/GeneratorRunnerTests-OutputFileMap.json

WriteAuxiliaryFile /Users/josephmccraw/Documents/GitHub/NativeUIAuditKit/.build/xcode-dd/Build/Intermediates.noindex/GeneratorRunner.build/Debug-iphonesimulator/GeneratorRunnerTests.build/GeneratorRunnerTests.DependencyStaticMetadataFileList (in target 'GeneratorRunnerTests' from project 'GeneratorRunner')
    cd /Users/josephmccraw/Documents/GitHub/NativeUIAuditKit/GeneratorRunner
    write-file /Users/josephmccraw/Documents/GitHub/NativeUIAuditKit/.build/xcode-dd/Build/Intermediates.noindex/GeneratorRunner.build/Debug-iphonesimulator/GeneratorRunnerTests.build/GeneratorRunnerTests.DependencyStaticMetadataFileList

WriteAuxiliaryFile /Users/josephmccraw/Documents/GitHub/NativeUIAuditKit/.build/xcode-dd/Build/Intermediates.noindex/GeneratorRunner.build/Debug-iphonesimulator/GeneratorRunnerTests.build/GeneratorRunnerTests.DependencyMetadataFileList (in target 'GeneratorRunnerTests' from project 'GeneratorRunner')
    cd /Users/josephmccraw/Documents/GitHub/NativeUIAuditKit/GeneratorRunner
    write-file /Users/josephmccraw/Documents/GitHub/NativeUIAuditKit/.build/xcode-dd/Build/Intermediates.noindex/GeneratorRunner.build/Debug-iphonesimulator/GeneratorRunnerTests.build/GeneratorRunnerTests.DependencyMetadataFileList

WriteAuxiliaryFile /Users/josephmccraw/Documents/GitHub/NativeUIAuditKit/.build/xcode-dd/Build/Intermediates.noindex/GeneratorRunner.build/Debug-iphonesimulator/GeneratorRunnerTests.build/GeneratorRunnerTests-own-target-headers.hmap (in target 'GeneratorRunnerTests' from project 'GeneratorRunner')
    cd /Users/josephmccraw/Documents/GitHub/NativeUIAuditKit/GeneratorRunner
    write-file /Users/josephmccraw/Documents/GitHub/NativeUIAuditKit/.build/xcode-dd/Build/Intermediates.noindex/GeneratorRunner.build/Debug-iphonesimulator/GeneratorRunnerTests.build/GeneratorRunnerTests-own-target-headers.hmap

WriteAuxiliaryFile /Users/josephmccraw/Documents/GitHub/NativeUIAuditKit/.build/xcode-dd/Build/Intermediates.noindex/GeneratorRunner.build/Debug-iphonesimulator/GeneratorRunnerTests.build/GeneratorRunnerTests-generated-files.hmap (in target 'GeneratorRunnerTests' from project 'GeneratorRunner')
    cd /Users/josephmccraw/Documents/GitHub/NativeUIAuditKit/GeneratorRunner
    write-file /Users/josephmccraw/Documents/GitHub/NativeUIAuditKit/.build/xcode-dd/Build/Intermediates.noindex/GeneratorRunner.build/Debug-iphonesimulator/GeneratorRunnerTests.build/GeneratorRunnerTests-generated-files.hmap

WriteAuxiliaryFile /Users/josephmccraw/Documents/GitHub/NativeUIAuditKit/.build/xcode-dd/Build/Intermediates.noindex/GeneratorRunner.build/Debug-iphonesimulator/GeneratorRunnerTests.build/GeneratorRunnerTests-all-target-headers.hmap (in target 'GeneratorRunnerTests' from project 'GeneratorRunner')
    cd /Users/josephmccraw/Documents/GitHub/NativeUIAuditKit/GeneratorRunner
    write-file /Users/josephmccraw/Documents/GitHub/NativeUIAuditKit/.build/xcode-dd/Build/Intermediates.noindex/GeneratorRunner.build/Debug-iphonesimulator/GeneratorRunnerTests.build/GeneratorRunnerTests-all-target-headers.hmap

WriteAuxiliaryFile /Users/josephmccraw/Documents/GitHub/NativeUIAuditKit/.build/xcode-dd/Build/Intermediates.noindex/GeneratorRunner.build/Debug-iphonesimulator/GeneratorRunner.build/Objects-normal/arm64/GeneratorRunner_const_extract_protocols.json (in target 'GeneratorRunner' from project 'GeneratorRunner')
    cd /Users/josephmccraw/Documents/GitHub/NativeUIAuditKit/GeneratorRunner
    write-file /Users/josephmccraw/Documents/GitHub/NativeUIAuditKit/.build/xcode-dd/Build/Intermediates.noindex/GeneratorRunner.build/Debug-iphonesimulator/GeneratorRunner.build/Objects-normal/arm64/GeneratorRunner_const_extract_protocols.json

WriteAuxiliaryFile /Users/josephmccraw/Documents/GitHub/NativeUIAuditKit/.build/xcode-dd/Build/Intermediates.noindex/GeneratorRunner.build/Debug-iphonesimulator/GeneratorRunner.build/Objects-normal/arm64/GeneratorRunner.LinkFileList (in target 'GeneratorRunner' from project 'GeneratorRunner')
    cd /Users/josephmccraw/Documents/GitHub/NativeUIAuditKit/GeneratorRunner
    write-file /Users/josephmccraw/Documents/GitHub/NativeUIAuditKit/.build/xcode-dd/Build/Intermediates.noindex/GeneratorRunner.build/Debug-iphonesimulator/GeneratorRunner.build/Objects-normal/arm64/GeneratorRunner.LinkFileList

WriteAuxiliaryFile /Users/josephmccraw/Documents/GitHub/NativeUIAuditKit/.build/xcode-dd/Build/Intermediates.noindex/GeneratorRunner.build/Debug-iphonesimulator/GeneratorRunner.build/Objects-normal/arm64/GeneratorRunner.SwiftFileList (in target 'GeneratorRunner' from project 'GeneratorRunner')
    cd /Users/josephmccraw/Documents/GitHub/NativeUIAuditKit/GeneratorRunner
    write-file /Users/josephmccraw/Documents/GitHub/NativeUIAuditKit/.build/xcode-dd/Build/Intermediates.noindex/GeneratorRunner.build/Debug-iphonesimulator/GeneratorRunner.build/Objects-normal/arm64/GeneratorRunner.SwiftFileList

WriteAuxiliaryFile /Users/josephmccraw/Documents/GitHub/NativeUIAuditKit/.build/xcode-dd/Build/Intermediates.noindex/GeneratorRunner.build/Debug-iphonesimulator/GeneratorRunner.build/Objects-normal/arm64/GeneratorRunner.SwiftConstValuesFileList (in target 'GeneratorRunner' from project 'GeneratorRunner')
    cd /Users/josephmccraw/Documents/GitHub/NativeUIAuditKit/GeneratorRunner
    write-file /Users/josephmccraw/Documents/GitHub/NativeUIAuditKit/.build/xcode-dd/Build/Intermediates.noindex/GeneratorRunner.build/Debug-iphonesimulator/GeneratorRunner.build/Objects-normal/arm64/GeneratorRunner.SwiftConstValuesFileList

WriteAuxiliaryFile /Users/josephmccraw/Documents/GitHub/NativeUIAuditKit/.build/xcode-dd/Build/Intermediates.noindex/GeneratorRunner.build/Debug-iphonesimulator/GeneratorRunner.build/Objects-normal/arm64/GeneratorRunner-OutputFileMap.json (in target 'GeneratorRunner' from project 'GeneratorRunner')
    cd /Users/josephmccraw/Documents/GitHub/NativeUIAuditKit/GeneratorRunner
    write-file /Users/josephmccraw/Documents/GitHub/NativeUIAuditKit/.build/xcode-dd/Build/Intermediates.noindex/GeneratorRunner.build/Debug-iphonesimulator/GeneratorRunner.build/Objects-normal/arm64/GeneratorRunner-OutputFileMap.json

WriteAuxiliaryFile /Users/josephmccraw/Documents/GitHub/NativeUIAuditKit/.build/xcode-dd/Build/Intermediates.noindex/GeneratorRunner.build/Debug-iphonesimulator/GeneratorRunner.build/GeneratorRunner.hmap (in target 'GeneratorRunner' from project 'GeneratorRunner')
    cd /Users/josephmccraw/Documents/GitHub/NativeUIAuditKit/GeneratorRunner
    write-file /Users/josephmccraw/Documents/GitHub/NativeUIAuditKit/.build/xcode-dd/Build/Intermediates.noindex/GeneratorRunner.build/Debug-iphonesimulator/GeneratorRunner.build/GeneratorRunner.hmap

WriteAuxiliaryFile /Users/josephmccraw/Documents/GitHub/NativeUIAuditKit/.build/xcode-dd/Build/Intermediates.noindex/GeneratorRunner.build/Debug-iphonesimulator/GeneratorRunner.build/GeneratorRunner.DependencyStaticMetadataFileList (in target 'GeneratorRunner' from project 'GeneratorRunner')
    cd /Users/josephmccraw/Documents/GitHub/NativeUIAuditKit/GeneratorRunner
    write-file /Users/josephmccraw/Documents/GitHub/NativeUIAuditKit/.build/xcode-dd/Build/Intermediates.noindex/GeneratorRunner.build/Debug-iphonesimulator/GeneratorRunner.build/GeneratorRunner.DependencyStaticMetadataFileList

WriteAuxiliaryFile /Users/josephmccraw/Documents/GitHub/NativeUIAuditKit/.build/xcode-dd/Build/Intermediates.noindex/GeneratorRunner.build/Debug-iphonesimulator/GeneratorRunner.build/GeneratorRunner.DependencyMetadataFileList (in target 'GeneratorRunner' from project 'GeneratorRunner')
    cd /Users/josephmccraw/Documents/GitHub/NativeUIAuditKit/GeneratorRunner
    write-file /Users/josephmccraw/Documents/GitHub/NativeUIAuditKit/.build/xcode-dd/Build/Intermediates.noindex/GeneratorRunner.build/Debug-iphonesimulator/GeneratorRunner.build/GeneratorRunner.DependencyMetadataFileList

WriteAuxiliaryFile /Users/josephmccraw/Documents/GitHub/NativeUIAuditKit/.build/xcode-dd/Build/Intermediates.noindex/GeneratorRunner.build/Debug-iphonesimulator/GeneratorRunner.build/GeneratorRunner-project-headers.hmap (in target 'GeneratorRunner' from project 'GeneratorRunner')
    cd /Users/josephmccraw/Documents/GitHub/NativeUIAuditKit/GeneratorRunner
    write-file /Users/josephmccraw/Documents/GitHub/NativeUIAuditKit/.build/xcode-dd/Build/Intermediates.noindex/GeneratorRunner.build/Debug-iphonesimulator/GeneratorRunner.build/GeneratorRunner-project-headers.hmap

WriteAuxiliaryFile /Users/josephmccraw/Documents/GitHub/NativeUIAuditKit/.build/xcode-dd/Build/Intermediates.noindex/GeneratorRunner.build/Debug-iphonesimulator/GeneratorRunner.build/GeneratorRunner-own-target-headers.hmap (in target 'GeneratorRunner' from project 'GeneratorRunner')
    cd /Users/josephmccraw/Documents/GitHub/NativeUIAuditKit/GeneratorRunner
    write-file /Users/josephmccraw/Documents/GitHub/NativeUIAuditKit/.build/xcode-dd/Build/Intermediates.noindex/GeneratorRunner.build/Debug-iphonesimulator/GeneratorRunner.build/GeneratorRunner-own-target-headers.hmap

WriteAuxiliaryFile /Users/josephmccraw/Documents/GitHub/NativeUIAuditKit/.build/xcode-dd/Build/Intermediates.noindex/GeneratorRunner.build/Debug-iphonesimulator/GeneratorRunner.build/GeneratorRunner-generated-files.hmap (in target 'GeneratorRunner' from project 'GeneratorRunner')
    cd /Users/josephmccraw/Documents/GitHub/NativeUIAuditKit/GeneratorRunner
    write-file /Users/josephmccraw/Documents/GitHub/NativeUIAuditKit/.build/xcode-dd/Build/Intermediates.noindex/GeneratorRunner.build/Debug-iphonesimulator/GeneratorRunner.build/GeneratorRunner-generated-files.hmap

WriteAuxiliaryFile /Users/josephmccraw/Documents/GitHub/NativeUIAuditKit/.build/xcode-dd/Build/Intermediates.noindex/GeneratorRunner.build/Debug-iphonesimulator/GeneratorRunner.build/GeneratorRunner-all-target-headers.hmap (in target 'GeneratorRunner' from project 'GeneratorRunner')
    cd /Users/josephmccraw/Documents/GitHub/NativeUIAuditKit/GeneratorRunner
    write-file /Users/josephmccraw/Documents/GitHub/NativeUIAuditKit/.build/xcode-dd/Build/Intermediates.noindex/GeneratorRunner.build/Debug-iphonesimulator/GeneratorRunner.build/GeneratorRunner-all-target-headers.hmap

WriteAuxiliaryFile /Users/josephmccraw/Documents/GitHub/NativeUIAuditKit/.build/xcode-dd/Build/Intermediates.noindex/GeneratorRunner.build/Debug-iphonesimulator/GeneratorRunner.build/GeneratorRunner-all-non-framework-target-headers.hmap (in target 'GeneratorRunner' from project 'GeneratorRunner')
    cd /Users/josephmccraw/Documents/GitHub/NativeUIAuditKit/GeneratorRunner
    write-file /Users/josephmccraw/Documents/GitHub/NativeUIAuditKit/.build/xcode-dd/Build/Intermediates.noindex/GeneratorRunner.build/Debug-iphonesimulator/GeneratorRunner.build/GeneratorRunner-all-non-framework-target-headers.hmap

WriteAuxiliaryFile /Users/josephmccraw/Documents/GitHub/NativeUIAuditKit/.build/xcode-dd/Build/Intermediates.noindex/GeneratorRunner.build/Debug-iphonesimulator/GeneratorRunner.build/GeneratorRunner-DebugDylibPath-normal-arm64.txt (in target 'GeneratorRunner' from project 'GeneratorRunner')
    cd /Users/josephmccraw/Documents/GitHub/NativeUIAuditKit/GeneratorRunner
    write-file /Users/josephmccraw/Documents/GitHub/NativeUIAuditKit/.build/xcode-dd/Build/Intermediates.noindex/GeneratorRunner.build/Debug-iphonesimulator/GeneratorRunner.build/GeneratorRunner-DebugDylibPath-normal-arm64.txt

WriteAuxiliaryFile /Users/josephmccraw/Documents/GitHub/NativeUIAuditKit/.build/xcode-dd/Build/Intermediates.noindex/GeneratorRunner.build/Debug-iphonesimulator/GeneratorRunner.build/GeneratorRunner-DebugDylibInstallName-normal-arm64.txt (in target 'GeneratorRunner' from project 'GeneratorRunner')
    cd /Users/josephmccraw/Documents/GitHub/NativeUIAuditKit/GeneratorRunner
    write-file /Users/josephmccraw/Documents/GitHub/NativeUIAuditKit/.build/xcode-dd/Build/Intermediates.noindex/GeneratorRunner.build/Debug-iphonesimulator/GeneratorRunner.build/GeneratorRunner-DebugDylibInstallName-normal-arm64.txt

MkDir /Users/josephmccraw/Documents/GitHub/NativeUIAuditKit/.build/xcode-dd/Build/Products/Debug-iphonesimulator/GeneratorRunner.app/PlugIns/GeneratorRunnerTests.xctest (in target 'GeneratorRunnerTests' from project 'GeneratorRunner')
    cd /Users/josephmccraw/Documents/GitHub/NativeUIAuditKit/GeneratorRunner
    /bin/mkdir -p /Users/josephmccraw/Documents/GitHub/NativeUIAuditKit/.build/xcode-dd/Build/Products/Debug-iphonesimulator/GeneratorRunner.app/PlugIns/GeneratorRunnerTests.xctest

MkDir /Users/josephmccraw/Documents/GitHub/NativeUIAuditKit/.build/xcode-dd/Build/Products/Debug-iphonesimulator/GeneratorRunner.app/PlugIns (in target 'GeneratorRunner' from project 'GeneratorRunner')
    cd /Users/josephmccraw/Documents/GitHub/NativeUIAuditKit/GeneratorRunner
    /bin/mkdir -p /Users/josephmccraw/Documents/GitHub/NativeUIAuditKit/.build/xcode-dd/Build/Products/Debug-iphonesimulator/GeneratorRunner.app/PlugIns

MkDir /Users/josephmccraw/Documents/GitHub/NativeUIAuditKit/.build/xcode-dd/Build/Products/Debug-iphonesimulator/GeneratorRunner.app/Frameworks (in target 'GeneratorRunner' from project 'GeneratorRunner')
    cd /Users/josephmccraw/Documents/GitHub/NativeUIAuditKit/GeneratorRunner
    /bin/mkdir -p /Users/josephmccraw/Documents/GitHub/NativeUIAuditKit/.build/xcode-dd/Build/Products/Debug-iphonesimulator/GeneratorRunner.app/Frameworks

MkDir /Users/josephmccraw/Documents/GitHub/NativeUIAuditKit/.build/xcode-dd/Build/Products/Debug-iphonesimulator/GeneratorRunner.app (in target 'GeneratorRunner' from project 'GeneratorRunner')
    cd /Users/josephmccraw/Documents/GitHub/NativeUIAuditKit/GeneratorRunner
    /bin/mkdir -p /Users/josephmccraw/Documents/GitHub/NativeUIAuditKit/.build/xcode-dd/Build/Products/Debug-iphonesimulator/GeneratorRunner.app

Ld /Users/josephmccraw/Documents/GitHub/NativeUIAuditKit/.build/xcode-dd/Build/Products/Debug-iphonesimulator/GeneratorRunner.app/__preview.dylib normal (in target 'GeneratorRunner' from project 'GeneratorRunner')
    cd /Users/josephmccraw/Documents/GitHub/NativeUIAuditKit/GeneratorRunner
    /Applications/Xcode.app/Contents/Developer/Toolchains/XcodeDefault.xctoolchain/usr/bin/clang -Xlinker -reproducible -target arm64-apple-ios17.0-simulator -dynamiclib -isysroot /Applications/Xcode.app/Contents/Developer/Platforms/iPhoneSimulator.platform/Developer/SDKs/iPhoneSimulator26.5.sdk -O0 -L/Users/josephmccraw/Documents/GitHub/NativeUIAuditKit/.build/xcode-dd/Build/Products/Debug-iphonesimulator -F/Users/josephmccraw/Documents/GitHub/NativeUIAuditKit/.build/xcode-dd/Build/Products/Debug-iphonesimulator -install_name @rpath/GeneratorRunner.debug.dylib -Xlinker -dead_strip -rdynamic -Xlinker -no_deduplicate -Xlinker -objc_abi_version -Xlinker 2 -Xlinker -dependency_info -Xlinker /Users/josephmccraw/Documents/GitHub/NativeUIAuditKit/.build/xcode-dd/Build/Intermediates.noindex/GeneratorRunner.build/Debug-iphonesimulator/GeneratorRunner.build/Objects-normal/arm64/GeneratorRunner_dependency_info.dat -o /Users/josephmccraw/Documents/GitHub/NativeUIAuditKit/.build/xcode-dd/Build/Products/Debug-iphonesimulator/GeneratorRunner.app/__preview.dylib

ProcessInfoPlistFile /Users/josephmccraw/Documents/GitHub/NativeUIAuditKit/.build/xcode-dd/Build/Products/Debug-iphonesimulator/GeneratorRunner.app/Info.plist /Users/josephmccraw/Documents/GitHub/NativeUIAuditKit/GeneratorRunner/GeneratorRunner/Info.plist (in target 'GeneratorRunner' from project 'GeneratorRunner')
    cd /Users/josephmccraw/Documents/GitHub/NativeUIAuditKit/GeneratorRunner
    builtin-infoPlistUtility /Users/josephmccraw/Documents/GitHub/NativeUIAuditKit/GeneratorRunner/GeneratorRunner/Info.plist -producttype com.apple.product-type.application -genpkginfo /Users/josephmccraw/Documents/GitHub/NativeUIAuditKit/.build/xcode-dd/Build/Products/Debug-iphonesimulator/GeneratorRunner.app/PkgInfo -expandbuildsettings -format binary -platform iphonesimulator -o /Users/josephmccraw/Documents/GitHub/NativeUIAuditKit/.build/xcode-dd/Build/Products/Debug-iphonesimulator/GeneratorRunner.app/Info.plist

Copy /Users/josephmccraw/Documents/GitHub/NativeUIAuditKit/.build/xcode-dd/Build/Products/Debug-iphonesimulator/GeneratorRunner.app/Frameworks/XCUnit.framework /Applications/Xcode.app/Contents/Developer/Platforms/iPhoneSimulator.platform/Developer/Library/PrivateFrameworks/XCUnit.framework (in target 'GeneratorRunner' from project 'GeneratorRunner')
    cd /Users/josephmccraw/Documents/GitHub/NativeUIAuditKit/GeneratorRunner
    builtin-copy -exclude .DS_Store -exclude CVS -exclude .svn -exclude .git -exclude .hg -exclude Headers -exclude PrivateHeaders -exclude Modules -exclude \*.tbd -resolve-src-symlinks /Applications/Xcode.app/Contents/Developer/Platforms/iPhoneSimulator.platform/Developer/Library/PrivateFrameworks/XCUnit.framework /Users/josephmccraw/Documents/GitHub/NativeUIAuditKit/.build/xcode-dd/Build/Products/Debug-iphonesimulator/GeneratorRunner.app/Frameworks

Copy /Users/josephmccraw/Documents/GitHub/NativeUIAuditKit/.build/xcode-dd/Build/Products/Debug-iphonesimulator/GeneratorRunner.app/Frameworks/libXCTestBundleInject.dylib /Applications/Xcode.app/Contents/Developer/Platforms/iPhoneSimulator.platform/Developer/usr/lib/libXCTestBundleInject.dylib (in target 'GeneratorRunner' from project 'GeneratorRunner')
    cd /Users/josephmccraw/Documents/GitHub/NativeUIAuditKit/GeneratorRunner
    builtin-copy -exclude .DS_Store -exclude CVS -exclude .svn -exclude .git -exclude .hg -exclude Headers -exclude PrivateHeaders -exclude Modules -exclude \*.tbd -resolve-src-symlinks /Applications/Xcode.app/Contents/Developer/Platforms/iPhoneSimulator.platform/Developer/usr/lib/libXCTestBundleInject.dylib /Users/josephmccraw/Documents/GitHub/NativeUIAuditKit/.build/xcode-dd/Build/Products/Debug-iphonesimulator/GeneratorRunner.app/Frameworks

Copy /Users/josephmccraw/Documents/GitHub/NativeUIAuditKit/.build/xcode-dd/Build/Products/Debug-iphonesimulator/GeneratorRunner.app/Frameworks/XCTestSupport.framework /Applications/Xcode.app/Contents/Developer/Platforms/iPhoneSimulator.platform/Developer/Library/PrivateFrameworks/XCTestSupport.framework (in target 'GeneratorRunner' from project 'GeneratorRunner')
    cd /Users/josephmccraw/Documents/GitHub/NativeUIAuditKit/GeneratorRunner
    builtin-copy -exclude .DS_Store -exclude CVS -exclude .svn -exclude .git -exclude .hg -exclude Headers -exclude PrivateHeaders -exclude Modules -exclude \*.tbd -resolve-src-symlinks /Applications/Xcode.app/Contents/Developer/Platforms/iPhoneSimulator.platform/Developer/Library/PrivateFrameworks/XCTestSupport.framework /Users/josephmccraw/Documents/GitHub/NativeUIAuditKit/.build/xcode-dd/Build/Products/Debug-iphonesimulator/GeneratorRunner.app/Frameworks

Copy /Users/josephmccraw/Documents/GitHub/NativeUIAuditKit/.build/xcode-dd/Build/Products/Debug-iphonesimulator/GeneratorRunner.app/Frameworks/XCUIAutomation.framework /Applications/Xcode.app/Contents/Developer/Platforms/iPhoneSimulator.platform/Developer/Library/Frameworks/XCUIAutomation.framework (in target 'GeneratorRunner' from project 'GeneratorRunner')
    cd /Users/josephmccraw/Documents/GitHub/NativeUIAuditKit/GeneratorRunner
    builtin-copy -exclude .DS_Store -exclude CVS -exclude .svn -exclude .git -exclude .hg -exclude Headers -exclude PrivateHeaders -exclude Modules -exclude \*.tbd -resolve-src-symlinks /Applications/Xcode.app/Contents/Developer/Platforms/iPhoneSimulator.platform/Developer/Library/Frameworks/XCUIAutomation.framework /Users/josephmccraw/Documents/GitHub/NativeUIAuditKit/.build/xcode-dd/Build/Products/Debug-iphonesimulator/GeneratorRunner.app/Frameworks

Copy /Users/josephmccraw/Documents/GitHub/NativeUIAuditKit/.build/xcode-dd/Build/Products/Debug-iphonesimulator/GeneratorRunner.app/Frameworks/XCTestCore.framework /Applications/Xcode.app/Contents/Developer/Platforms/iPhoneSimulator.platform/Developer/Library/PrivateFrameworks/XCTestCore.framework (in target 'GeneratorRunner' from project 'GeneratorRunner')
    cd /Users/josephmccraw/Documents/GitHub/NativeUIAuditKit/GeneratorRunner
    builtin-copy -exclude .DS_Store -exclude CVS -exclude .svn -exclude .git -exclude .hg -exclude Headers -exclude PrivateHeaders -exclude Modules -exclude \*.tbd -resolve-src-symlinks /Applications/Xcode.app/Contents/Developer/Platforms/iPhoneSimulator.platform/Developer/Library/PrivateFrameworks/XCTestCore.framework /Users/josephmccraw/Documents/GitHub/NativeUIAuditKit/.build/xcode-dd/Build/Products/Debug-iphonesimulator/GeneratorRunner.app/Frameworks

Copy /Users/josephmccraw/Documents/GitHub/NativeUIAuditKit/.build/xcode-dd/Build/Products/Debug-iphonesimulator/GeneratorRunner.app/Frameworks/libXCTestSwiftSupport.dylib /Applications/Xcode.app/Contents/Developer/Platforms/iPhoneSimulator.platform/Developer/usr/lib/libXCTestSwiftSupport.dylib (in target 'GeneratorRunner' from project 'GeneratorRunner')
    cd /Users/josephmccraw/Documents/GitHub/NativeUIAuditKit/GeneratorRunner
    builtin-copy -exclude .DS_Store -exclude CVS -exclude .svn -exclude .git -exclude .hg -exclude Headers -exclude PrivateHeaders -exclude Modules -exclude \*.tbd -resolve-src-symlinks /Applications/Xcode.app/Contents/Developer/Platforms/iPhoneSimulator.platform/Developer/usr/lib/libXCTestSwiftSupport.dylib /Users/josephmccraw/Documents/GitHub/NativeUIAuditKit/.build/xcode-dd/Build/Products/Debug-iphonesimulator/GeneratorRunner.app/Frameworks

Copy /Users/josephmccraw/Documents/GitHub/NativeUIAuditKit/.build/xcode-dd/Build/Products/Debug-iphonesimulator/GeneratorRunner.app/Frameworks/XCTest.framework /Applications/Xcode.app/Contents/Developer/Platforms/iPhoneSimulator.platform/Developer/Library/Frameworks/XCTest.framework (in target 'GeneratorRunner' from project 'GeneratorRunner')
    cd /Users/josephmccraw/Documents/GitHub/NativeUIAuditKit/GeneratorRunner
    builtin-copy -exclude .DS_Store -exclude CVS -exclude .svn -exclude .git -exclude .hg -exclude Headers -exclude PrivateHeaders -exclude Modules -exclude \*.tbd -resolve-src-symlinks /Applications/Xcode.app/Contents/Developer/Platforms/iPhoneSimulator.platform/Developer/Library/Frameworks/XCTest.framework /Users/josephmccraw/Documents/GitHub/NativeUIAuditKit/.build/xcode-dd/Build/Products/Debug-iphonesimulator/GeneratorRunner.app/Frameworks

Copy /Users/josephmccraw/Documents/GitHub/NativeUIAuditKit/.build/xcode-dd/Build/Products/Debug-iphonesimulator/GeneratorRunner.app/Frameworks/XCTAutomationSupport.framework /Applications/Xcode.app/Contents/Developer/Platforms/iPhoneSimulator.platform/Developer/Library/PrivateFrameworks/XCTAutomationSupport.framework (in target 'GeneratorRunner' from project 'GeneratorRunner')
    cd /Users/josephmccraw/Documents/GitHub/NativeUIAuditKit/GeneratorRunner
    builtin-copy -exclude .DS_Store -exclude CVS -exclude .svn -exclude .git -exclude .hg -exclude Headers -exclude PrivateHeaders -exclude Modules -exclude \*.tbd -resolve-src-symlinks /Applications/Xcode.app/Contents/Developer/Platforms/iPhoneSimulator.platform/Developer/Library/PrivateFrameworks/XCTAutomationSupport.framework /Users/josephmccraw/Documents/GitHub/NativeUIAuditKit/.build/xcode-dd/Build/Products/Debug-iphonesimulator/GeneratorRunner.app/Frameworks

Copy /Users/josephmccraw/Documents/GitHub/NativeUIAuditKit/.build/xcode-dd/Build/Products/Debug-iphonesimulator/GeneratorRunner.app/Frameworks/Testing.framework /Applications/Xcode.app/Contents/Developer/Platforms/iPhoneSimulator.platform/Developer/Library/Frameworks/Testing.framework (in target 'GeneratorRunner' from project 'GeneratorRunner')
    cd /Users/josephmccraw/Documents/GitHub/NativeUIAuditKit/GeneratorRunner
    builtin-copy -exclude .DS_Store -exclude CVS -exclude .svn -exclude .git -exclude .hg -exclude Headers -exclude PrivateHeaders -exclude Modules -exclude \*.tbd -resolve-src-symlinks /Applications/Xcode.app/Contents/Developer/Platforms/iPhoneSimulator.platform/Developer/Library/Frameworks/Testing.framework /Users/josephmccraw/Documents/GitHub/NativeUIAuditKit/.build/xcode-dd/Build/Products/Debug-iphonesimulator/GeneratorRunner.app/Frameworks

SwiftDriver GeneratorRunner normal arm64 com.apple.xcode.tools.swift.compiler (in target 'GeneratorRunner' from project 'GeneratorRunner')
    cd /Users/josephmccraw/Documents/GitHub/NativeUIAuditKit/GeneratorRunner
    builtin-SwiftDriver -- /Applications/Xcode.app/Contents/Developer/Toolchains/XcodeDefault.xctoolchain/usr/bin/swiftc -module-name GeneratorRunner -Onone @/Users/josephmccraw/Documents/GitHub/NativeUIAuditKit/.build/xcode-dd/Build/Intermediates.noindex/GeneratorRunner.build/Debug-iphonesimulator/GeneratorRunner.build/Objects-normal/arm64/GeneratorRunner.SwiftFileList -DDEBUG -enable-experimental-feature DebugDescriptionMacro -sdk /Applications/Xcode.app/Contents/Developer/Platforms/iPhoneSimulator.platform/Developer/SDKs/iPhoneSimulator26.5.sdk -target arm64-apple-ios17.0-simulator -g -module-cache-path /Users/josephmccraw/Documents/GitHub/NativeUIAuditKit/.build/xcode-dd/ModuleCache.noindex -Xfrontend -serialize-debugging-options -enable-testing -index-store-path /Users/josephmccraw/Documents/GitHub/NativeUIAuditKit/.build/xcode-dd/Index.noindex/DataStore -Xcc -D_LIBCPP_HARDENING_MODE\=_LIBCPP_HARDENING_MODE_DEBUG -swift-version 6 -I /Users/josephmccraw/Documents/GitHub/NativeUIAuditKit/.build/xcode-dd/Build/Products/Debug-iphonesimulator -F /Users/josephmccraw/Documents/GitHub/NativeUIAuditKit/.build/xcode-dd/Build/Products/Debug-iphonesimulator -parse-as-library -c -j10 -enable-batch-mode -incremental -Xcc -ivfsstatcache -Xcc /Users/josephmccraw/Documents/GitHub/NativeUIAuditKit/.build/xcode-dd/SDKStatCaches.noindex/iphonesimulator26.5-23F81a-6cfe768891a92b912361537c460fe42b.sdkstatcache -output-file-map /Users/josephmccraw/Documents/GitHub/NativeUIAuditKit/.build/xcode-dd/Build/Intermediates.noindex/GeneratorRunner.build/Debug-iphonesimulator/GeneratorRunner.build/Objects-normal/arm64/GeneratorRunner-OutputFileMap.json -use-frontend-parseable-output -save-temps -no-color-diagnostics -explicit-module-build -module-cache-path /Users/josephmccraw/Documents/GitHub/NativeUIAuditKit/.build/xcode-dd/Build/Intermediates.noindex/SwiftExplicitPrecompiledModules -clang-scanner-module-cache-path /Users/josephmccraw/Documents/GitHub/NativeUIAuditKit/.build/xcode-dd/ModuleCache.noindex -sdk-module-cache-path /Users/josephmccraw/Documents/GitHub/NativeUIAuditKit/.build/xcode-dd/ModuleCache.noindex -serialize-diagnostics -emit-dependencies -emit-module -emit-module-path /Users/josephmccraw/Documents/GitHub/NativeUIAuditKit/.build/xcode-dd/Build/Intermediates.noindex/GeneratorRunner.build/Debug-iphonesimulator/GeneratorRunner.build/Objects-normal/arm64/GeneratorRunner.swiftmodule -validate-clang-modules-once -clang-build-session-file /Users/josephmccraw/Documents/GitHub/NativeUIAuditKit/.build/xcode-dd/ModuleCache.noindex/Session.modulevalidation -Xcc -I/Users/josephmccraw/Documents/GitHub/NativeUIAuditKit/.build/xcode-dd/Build/Intermediates.noindex/GeneratorRunner.build/Debug-iphonesimulator/GeneratorRunner.build/swift-overrides.hmap -emit-const-values -Xfrontend -const-gather-protocols-file -Xfrontend /Users/josephmccraw/Documents/GitHub/NativeUIAuditKit/.build/xcode-dd/Build/Intermediates.noindex/GeneratorRunner.build/Debug-iphonesimulator/GeneratorRunner.build/Objects-normal/arm64/GeneratorRunner_const_extract_protocols.json -Xcc -iquote -Xcc /Users/josephmccraw/Documents/GitHub/NativeUIAuditKit/.build/xcode-dd/Build/Intermediates.noindex/GeneratorRunner.build/Debug-iphonesimulator/GeneratorRunner.build/GeneratorRunner-generated-files.hmap -Xcc -I/Users/josephmccraw/Documents/GitHub/NativeUIAuditKit/.build/xcode-dd/Build/Intermediates.noindex/GeneratorRunner.build/Debug-iphonesimulator/GeneratorRunner.build/GeneratorRunner-own-target-headers.hmap -Xcc -I/Users/josephmccraw/Documents/GitHub/NativeUIAuditKit/.build/xcode-dd/Build/Intermediates.noindex/GeneratorRunner.build/Debug-iphonesimulator/GeneratorRunner.build/GeneratorRunner-all-target-headers.hmap -Xcc -iquote -Xcc /Users/josephmccraw/Documents/GitHub/NativeUIAuditKit/.build/xcode-dd/Build/Intermediates.noindex/GeneratorRunner.build/Debug-iphonesimulator/GeneratorRunner.build/GeneratorRunner-project-headers.hmap -Xcc -I/Users/josephmccraw/Documents/GitHub/NativeUIAuditKit/.build/xcode-dd/Build/Products/Debug-iphonesimulator/include -Xcc -I/Users/josephmccraw/Documents/GitHub/NativeUIAuditKit/.build/xcode-dd/Build/Intermediates.noindex/GeneratorRunner.build/Debug-iphonesimulator/GeneratorRunner.build/DerivedSources-normal/arm64 -Xcc -I/Users/josephmccraw/Documents/GitHub/NativeUIAuditKit/.build/xcode-dd/Build/Intermediates.noindex/GeneratorRunner.build/Debug-iphonesimulator/GeneratorRunner.build/DerivedSources/arm64 -Xcc -I/Users/josephmccraw/Documents/GitHub/NativeUIAuditKit/.build/xcode-dd/Build/Intermediates.noindex/GeneratorRunner.build/Debug-iphonesimulator/GeneratorRunner.build/DerivedSources -Xcc -DDEBUG\=1 -emit-objc-header -emit-objc-header-path /Users/josephmccraw/Documents/GitHub/NativeUIAuditKit/.build/xcode-dd/Build/Intermediates.noindex/GeneratorRunner.build/Debug-iphonesimulator/GeneratorRunner.build/Objects-normal/arm64/GeneratorRunner-Swift.h -working-directory /Users/josephmccraw/Documents/GitHub/NativeUIAuditKit/GeneratorRunner -experimental-emit-module-separately -disable-cmo

SwiftExplicitDependencyGeneratePcm arm64 /Users/josephmccraw/Documents/GitHub/NativeUIAuditKit/.build/xcode-dd/ModuleCache.noindex/_Builtin_stdarg-9SNCE8ZO3T87WUF2E6K4W0OQT.pcm

SwiftExplicitDependencyGeneratePcm arm64 /Users/josephmccraw/Documents/GitHub/NativeUIAuditKit/.build/xcode-dd/ModuleCache.noindex/_SwiftConcurrencyShims-CB5OTD9QGS1IOKR5J9K3YXRSM.pcm

SwiftExplicitDependencyGeneratePcm arm64 /Users/josephmccraw/Documents/GitHub/NativeUIAuditKit/.build/xcode-dd/ModuleCache.noindex/_Builtin_stddef-6DJUZ3MXTRSD6GCE5LRZCNNA5.pcm

SwiftExplicitDependencyGeneratePcm arm64 /Users/josephmccraw/Documents/GitHub/NativeUIAuditKit/.build/xcode-dd/ModuleCache.noindex/_Builtin_stdbool-6UL4X4PSMRX7GDRIKBGY9U9A8.pcm

SwiftExplicitDependencyGeneratePcm arm64 /Users/josephmccraw/Documents/GitHub/NativeUIAuditKit/.build/xcode-dd/ModuleCache.noindex/ptrauth-9FJIXHQYF5U7VT8QRIG9K40JA.pcm

SwiftExplicitDependencyGeneratePcm arm64 /Users/josephmccraw/Documents/GitHub/NativeUIAuditKit/.build/xcode-dd/ModuleCache.noindex/ptrcheck-D9BK6K5CG7GGM0RJB986CL5ZP.pcm

SwiftExplicitDependencyGeneratePcm arm64 /Users/josephmccraw/Documents/GitHub/NativeUIAuditKit/.build/xcode-dd/ModuleCache.noindex/_Builtin_float-35KFHCPR54M7JOGBL51LMDNOH.pcm

SwiftExplicitDependencyGeneratePcm arm64 /Users/josephmccraw/Documents/GitHub/NativeUIAuditKit/.build/xcode-dd/ModuleCache.noindex/_AvailabilityInternal-BKHR9ZP39BQ7LJ4C1YTK4HQ1I.pcm

SwiftExplicitDependencyGeneratePcm arm64 /Users/josephmccraw/Documents/GitHub/NativeUIAuditKit/.build/xcode-dd/ModuleCache.noindex/SwiftShims-5CE8Q2MQV81MA7YVUDYIMUVQ7.pcm

SwiftExplicitDependencyGeneratePcm arm64 /Users/josephmccraw/Documents/GitHub/NativeUIAuditKit/.build/xcode-dd/ModuleCache.noindex/DeveloperToolsSupport-8NPHCL5B6464IKYDHYV8NSFQ3.pcm

SwiftExplicitDependencyGeneratePcm arm64 /Users/josephmccraw/Documents/GitHub/NativeUIAuditKit/.build/xcode-dd/ModuleCache.noindex/_DarwinFoundation1-C5VT736KXPHWRHRHEJHOWBSMS.pcm

SwiftExplicitDependencyGeneratePcm arm64 /Users/josephmccraw/Documents/GitHub/NativeUIAuditKit/.build/xcode-dd/ModuleCache.noindex/_Builtin_limits-9UH3W3KBQV7YWZ1V1QATREN2I.pcm

SwiftExplicitDependencyGeneratePcm arm64 /Users/josephmccraw/Documents/GitHub/NativeUIAuditKit/.build/xcode-dd/ModuleCache.noindex/_DarwinFoundation2-1HJKPD5PL7OIMGHAVSH0V9EMR.pcm

SwiftExplicitDependencyGeneratePcm arm64 /Users/josephmccraw/Documents/GitHub/NativeUIAuditKit/.build/xcode-dd/ModuleCache.noindex/_Builtin_stdint-22QH1UT7TU34SDWOIB5LLR6JH.pcm

SwiftExplicitDependencyGeneratePcm arm64 /Users/josephmccraw/Documents/GitHub/NativeUIAuditKit/.build/xcode-dd/ModuleCache.noindex/_Builtin_tgmath-7GW7E7OTBLVIZ06OVZICBNDN2.pcm

SwiftExplicitDependencyGeneratePcm arm64 /Users/josephmccraw/Documents/GitHub/NativeUIAuditKit/.build/xcode-dd/ModuleCache.noindex/sys_types-7HU49Q46MSE7WSDR08WJI6JZD.pcm

SwiftExplicitDependencyGeneratePcm arm64 /Users/josephmccraw/Documents/GitHub/NativeUIAuditKit/.build/xcode-dd/ModuleCache.noindex/_DarwinFoundation3-UJR89LI1UQSTU8KEY42LMEP.pcm

SwiftExplicitDependencyGeneratePcm arm64 /Users/josephmccraw/Documents/GitHub/NativeUIAuditKit/.build/xcode-dd/ModuleCache.noindex/_Builtin_intrinsics-B93BP4STV7HQ8ER4DRESY07ZC.pcm

SwiftExplicitDependencyGeneratePcm arm64 /Users/josephmccraw/Documents/GitHub/NativeUIAuditKit/.build/xcode-dd/ModuleCache.noindex/_Builtin_stdatomic-7PC82F1QPLEGDGBI03TIL4B2M.pcm

SwiftExplicitDependencyGeneratePcm arm64 /Users/josephmccraw/Documents/GitHub/NativeUIAuditKit/.build/xcode-dd/ModuleCache.noindex/_Builtin_inttypes-7GATOJUPZORHSSEVUPH01RZSN.pcm

SwiftExplicitDependencyGeneratePcm arm64 /Users/josephmccraw/Documents/GitHub/NativeUIAuditKit/.build/xcode-dd/ModuleCache.noindex/Darwin-7WNKQUUK3CD5NIAM17XLHSQ0I.pcm

SwiftExplicitDependencyGeneratePcm arm64 /Users/josephmccraw/Documents/GitHub/NativeUIAuditKit/.build/xcode-dd/ModuleCache.noindex/simd-D8DE5G70XI5FR8IKJFVLLOX8I.pcm

SwiftExplicitDependencyGeneratePcm arm64 /Users/josephmccraw/Documents/GitHub/NativeUIAuditKit/.build/xcode-dd/ModuleCache.noindex/ObjectiveC-B9U7ZR81GN67YPPYLASYAHK5O.pcm

SwiftExplicitDependencyGeneratePcm arm64 /Users/josephmccraw/Documents/GitHub/NativeUIAuditKit/.build/xcode-dd/ModuleCache.noindex/MachO-7467R9IYCZ8GL8IT0TOFLQ8YW.pcm

SwiftExplicitDependencyGeneratePcm arm64 /Users/josephmccraw/Documents/GitHub/NativeUIAuditKit/.build/xcode-dd/ModuleCache.noindex/os_object-24HDCF8V23UQBGCFQHYFT8JB6.pcm

SwiftExplicitDependencyGeneratePcm arm64 /Users/josephmccraw/Documents/GitHub/NativeUIAuditKit/.build/xcode-dd/ModuleCache.noindex/os_workgroup-A3TU8S07C1QNMP75HADC695ZR.pcm

SwiftExplicitDependencyGeneratePcm arm64 /Users/josephmccraw/Documents/GitHub/NativeUIAuditKit/.build/xcode-dd/ModuleCache.noindex/Spatial-2SVJVE9NXQ15LPIGF6W3W486M.pcm

SwiftExplicitDependencyGeneratePcm arm64 /Users/josephmccraw/Documents/GitHub/NativeUIAuditKit/.build/xcode-dd/ModuleCache.noindex/Dispatch-9TUQQ9BTDBHMMSMIA1R1VN9LB.pcm

SwiftExplicitDependencyGeneratePcm arm64 /Users/josephmccraw/Documents/GitHub/NativeUIAuditKit/.build/xcode-dd/ModuleCache.noindex/XPC-CQBYF1R0XTLGSTYNDANX37NIA.pcm

SwiftExplicitDependencyGeneratePcm arm64 /Users/josephmccraw/Documents/GitHub/NativeUIAuditKit/.build/xcode-dd/ModuleCache.noindex/CoreFoundation-36H63Y6K9OQ7T1V7HIP99Z4CV.pcm

SwiftExplicitDependencyGeneratePcm arm64 /Users/josephmccraw/Documents/GitHub/NativeUIAuditKit/.build/xcode-dd/ModuleCache.noindex/os-DJESXK64U5KTTJRULX9DXP1F0.pcm

SwiftExplicitDependencyGeneratePcm arm64 /Users/josephmccraw/Documents/GitHub/NativeUIAuditKit/.build/xcode-dd/ModuleCache.noindex/CoreGraphics-AZWPEVUQ1K6YUQLYDDCYEZWQQ.pcm

SwiftExplicitDependencyGeneratePcm arm64 /Users/josephmccraw/Documents/GitHub/NativeUIAuditKit/.build/xcode-dd/ModuleCache.noindex/Security-BHSM60TOF71C4SP3777QBGVJD.pcm

SwiftExplicitDependencyGeneratePcm arm64 /Users/josephmccraw/Documents/GitHub/NativeUIAuditKit/.build/xcode-dd/ModuleCache.noindex/CFNetwork-BMHE55ND26P3XMDRVOKTLDLDQ.pcm

SwiftExplicitDependencyGeneratePcm arm64 /Users/josephmccraw/Documents/GitHub/NativeUIAuditKit/.build/xcode-dd/ModuleCache.noindex/Foundation-3V6P1CATZBUPXQN219RAMS9LL.pcm

SwiftExplicitDependencyGeneratePcm arm64 /Users/josephmccraw/Documents/GitHub/NativeUIAuditKit/.build/xcode-dd/ModuleCache.noindex/ImageIO-6N4J8KJYUP863YCOMNGX2HLP6.pcm

SwiftExplicitDependencyGeneratePcm arm64 /Users/josephmccraw/Documents/GitHub/NativeUIAuditKit/.build/xcode-dd/ModuleCache.noindex/CoreText-3RJVMHRETCF7CXS14XQA45P8D.pcm

SwiftExplicitDependencyGeneratePcm arm64 /Users/josephmccraw/Documents/GitHub/NativeUIAuditKit/.build/xcode-dd/ModuleCache.noindex/UIUtilities-8PL2NH9S85QFG0HMV82HTWGIL.pcm

SwiftExplicitDependencyGeneratePcm arm64 /Users/josephmccraw/Documents/GitHub/NativeUIAuditKit/.build/xcode-dd/ModuleCache.noindex/FileProvider-2PELBES9UJFJ6N4XPXA9K3270.pcm

SwiftExplicitDependencyGeneratePcm arm64 /Users/josephmccraw/Documents/GitHub/NativeUIAuditKit/.build/xcode-dd/ModuleCache.noindex/OpenGLES-6Y0HHY73R3NPVBLYPNCIE6OAC.pcm

SwiftExplicitDependencyGeneratePcm arm64 /Users/josephmccraw/Documents/GitHub/NativeUIAuditKit/.build/xcode-dd/ModuleCache.noindex/OSLog-833TQUJXC194PXS61LP9ZYHFM.pcm

SwiftExplicitDependencyGeneratePcm arm64 /Users/josephmccraw/Documents/GitHub/NativeUIAuditKit/.build/xcode-dd/ModuleCache.noindex/CoreTransferable-E3BHFNQAM40XN1KXUT3YG91ZN.pcm

SwiftExplicitDependencyGeneratePcm arm64 /Users/josephmccraw/Documents/GitHub/NativeUIAuditKit/.build/xcode-dd/ModuleCache.noindex/Symbols-E1WXPW6P2Z0EMM4K27RMAUEWA.pcm

SwiftExplicitDependencyGeneratePcm arm64 /Users/josephmccraw/Documents/GitHub/NativeUIAuditKit/.build/xcode-dd/ModuleCache.noindex/UserNotifications-648QEBGQMVAMC25M9YTLND53B.pcm

SwiftExplicitDependencyGeneratePcm arm64 /Users/josephmccraw/Documents/GitHub/NativeUIAuditKit/.build/xcode-dd/ModuleCache.noindex/UniformTypeIdentifiers-F58Y1EHUNKTJ3ZUG2PTOB7M4T.pcm

SwiftExplicitDependencyGeneratePcm arm64 /Users/josephmccraw/Documents/GitHub/NativeUIAuditKit/.build/xcode-dd/ModuleCache.noindex/IOSurface-Q2YMD8OCGYTCU02X0UIUSSI7.pcm

SwiftExplicitDependencyGeneratePcm arm64 /Users/josephmccraw/Documents/GitHub/NativeUIAuditKit/.build/xcode-dd/ModuleCache.noindex/Accessibility-1D3HR5WHJXLW4630QJ17ACCSB.pcm

SwiftExplicitDependencyGeneratePcm arm64 /Users/josephmccraw/Documents/GitHub/NativeUIAuditKit/.build/xcode-dd/ModuleCache.noindex/DataDetection-1R34TFC5O5AXRFQV78WVTMT10.pcm

SwiftExplicitDependencyGeneratePcm arm64 /Users/josephmccraw/Documents/GitHub/NativeUIAuditKit/.build/xcode-dd/ModuleCache.noindex/Metal-9FQSB6GDFRWD0DQISD2PPU89Y.pcm

SwiftExplicitDependencyGeneratePcm arm64 /Users/josephmccraw/Documents/GitHub/NativeUIAuditKit/.build/xcode-dd/ModuleCache.noindex/CoreVideo-A64707EY17EFGKACN89SRDC2N.pcm

SwiftExplicitDependencyGeneratePcm arm64 /Users/josephmccraw/Documents/GitHub/NativeUIAuditKit/.build/xcode-dd/ModuleCache.noindex/QuartzCore-63TQ4F010WBFOYYUVMC12QNNA.pcm

SwiftExplicitDependencyGeneratePcm arm64 /Users/josephmccraw/Documents/GitHub/NativeUIAuditKit/.build/xcode-dd/ModuleCache.noindex/CoreImage-6BABACYC8JFNYZHK7AQU42N9K.pcm

SwiftExplicitDependencyGeneratePcm arm64 /Users/josephmccraw/Documents/GitHub/NativeUIAuditKit/.build/xcode-dd/ModuleCache.noindex/SwiftUICore-AHHYPMMCR54T5VZ6OZ1XSUKJY.pcm

SwiftExplicitDependencyGeneratePcm arm64 /Users/josephmccraw/Documents/GitHub/NativeUIAuditKit/.build/xcode-dd/ModuleCache.noindex/UIKit-7JF9HVX68XN8XV4MJA1O3BKSD.pcm

SwiftEmitModule normal arm64 Emitting\ module\ for\ GeneratorRunner (in target 'GeneratorRunner' from project 'GeneratorRunner')

SwiftCompile normal arm64 /Users/josephmccraw/Documents/GitHub/NativeUIAuditKit/GeneratorRunner/GeneratorRunner/AppDelegate.swift (in target 'GeneratorRunner' from project 'GeneratorRunner')
    cd /Users/josephmccraw/Documents/GitHub/NativeUIAuditKit/GeneratorRunner
    

SwiftCompile normal arm64 Compiling\ AppDelegate.swift /Users/josephmccraw/Documents/GitHub/NativeUIAuditKit/GeneratorRunner/GeneratorRunner/AppDelegate.swift (in target 'GeneratorRunner' from project 'GeneratorRunner')
SwiftCompile normal arm64 /Users/josephmccraw/Documents/GitHub/NativeUIAuditKit/GeneratorRunner/GeneratorRunner/AppDelegate.swift (in target 'GeneratorRunner' from project 'GeneratorRunner')
    cd /Users/josephmccraw/Documents/GitHub/NativeUIAuditKit/GeneratorRunner
    

SwiftDriverJobDiscovery normal arm64 Emitting module for GeneratorRunner (in target 'GeneratorRunner' from project 'GeneratorRunner')

SwiftDriver\ Compilation\ Requirements GeneratorRunner normal arm64 com.apple.xcode.tools.swift.compiler (in target 'GeneratorRunner' from project 'GeneratorRunner')
    cd /Users/josephmccraw/Documents/GitHub/NativeUIAuditKit/GeneratorRunner
    builtin-Swift-Compilation-Requirements -- /Applications/Xcode.app/Contents/Developer/Toolchains/XcodeDefault.xctoolchain/usr/bin/swiftc -module-name GeneratorRunner -Onone @/Users/josephmccraw/Documents/GitHub/NativeUIAuditKit/.build/xcode-dd/Build/Intermediates.noindex/GeneratorRunner.build/Debug-iphonesimulator/GeneratorRunner.build/Objects-normal/arm64/GeneratorRunner.SwiftFileList -DDEBUG -enable-experimental-feature DebugDescriptionMacro -sdk /Applications/Xcode.app/Contents/Developer/Platforms/iPhoneSimulator.platform/Developer/SDKs/iPhoneSimulator26.5.sdk -target arm64-apple-ios17.0-simulator -g -module-cache-path /Users/josephmccraw/Documents/GitHub/NativeUIAuditKit/.build/xcode-dd/ModuleCache.noindex -Xfrontend -serialize-debugging-options -enable-testing -index-store-path /Users/josephmccraw/Documents/GitHub/NativeUIAuditKit/.build/xcode-dd/Index.noindex/DataStore -Xcc -D_LIBCPP_HARDENING_MODE\=_LIBCPP_HARDENING_MODE_DEBUG -swift-version 6 -I /Users/josephmccraw/Documents/GitHub/NativeUIAuditKit/.build/xcode-dd/Build/Products/Debug-iphonesimulator -F /Users/josephmccraw/Documents/GitHub/NativeUIAuditKit/.build/xcode-dd/Build/Products/Debug-iphonesimulator -parse-as-library -c -j10 -enable-batch-mode -incremental -Xcc -ivfsstatcache -Xcc /Users/josephmccraw/Documents/GitHub/NativeUIAuditKit/.build/xcode-dd/SDKStatCaches.noindex/iphonesimulator26.5-23F81a-6cfe768891a92b912361537c460fe42b.sdkstatcache -output-file-map /Users/josephmccraw/Documents/GitHub/NativeUIAuditKit/.build/xcode-dd/Build/Intermediates.noindex/GeneratorRunner.build/Debug-iphonesimulator/GeneratorRunner.build/Objects-normal/arm64/GeneratorRunner-OutputFileMap.json -use-frontend-parseable-output -save-temps -no-color-diagnostics -explicit-module-build -module-cache-path /Users/josephmccraw/Documents/GitHub/NativeUIAuditKit/.build/xcode-dd/Build/Intermediates.noindex/SwiftExplicitPrecompiledModules -clang-scanner-module-cache-path /Users/josephmccraw/Documents/GitHub/NativeUIAuditKit/.build/xcode-dd/ModuleCache.noindex -sdk-module-cache-path /Users/josephmccraw/Documents/GitHub/NativeUIAuditKit/.build/xcode-dd/ModuleCache.noindex -serialize-diagnostics -emit-dependencies -emit-module -emit-module-path /Users/josephmccraw/Documents/GitHub/NativeUIAuditKit/.build/xcode-dd/Build/Intermediates.noindex/GeneratorRunner.build/Debug-iphonesimulator/GeneratorRunner.build/Objects-normal/arm64/GeneratorRunner.swiftmodule -validate-clang-modules-once -clang-build-session-file /Users/josephmccraw/Documents/GitHub/NativeUIAuditKit/.build/xcode-dd/ModuleCache.noindex/Session.modulevalidation -Xcc -I/Users/josephmccraw/Documents/GitHub/NativeUIAuditKit/.build/xcode-dd/Build/Intermediates.noindex/GeneratorRunner.build/Debug-iphonesimulator/GeneratorRunner.build/swift-overrides.hmap -emit-const-values -Xfrontend -const-gather-protocols-file -Xfrontend /Users/josephmccraw/Documents/GitHub/NativeUIAuditKit/.build/xcode-dd/Build/Intermediates.noindex/GeneratorRunner.build/Debug-iphonesimulator/GeneratorRunner.build/Objects-normal/arm64/GeneratorRunner_const_extract_protocols.json -Xcc -iquote -Xcc /Users/josephmccraw/Documents/GitHub/NativeUIAuditKit/.build/xcode-dd/Build/Intermediates.noindex/GeneratorRunner.build/Debug-iphonesimulator/GeneratorRunner.build/GeneratorRunner-generated-files.hmap -Xcc -I/Users/josephmccraw/Documents/GitHub/NativeUIAuditKit/.build/xcode-dd/Build/Intermediates.noindex/GeneratorRunner.build/Debug-iphonesimulator/GeneratorRunner.build/GeneratorRunner-own-target-headers.hmap -Xcc -I/Users/josephmccraw/Documents/GitHub/NativeUIAuditKit/.build/xcode-dd/Build/Intermediates.noindex/GeneratorRunner.build/Debug-iphonesimulator/GeneratorRunner.build/GeneratorRunner-all-target-headers.hmap -Xcc -iquote -Xcc /Users/josephmccraw/Documents/GitHub/NativeUIAuditKit/.build/xcode-dd/Build/Intermediates.noindex/GeneratorRunner.build/Debug-iphonesimulator/GeneratorRunner.build/GeneratorRunner-project-headers.hmap -Xcc -I/Users/josephmccraw/Documents/GitHub/NativeUIAuditKit/.build/xcode-dd/Build/Products/Debug-iphonesimulator/include -Xcc -I/Users/josephmccraw/Documents/GitHub/NativeUIAuditKit/.build/xcode-dd/Build/Intermediates.noindex/GeneratorRunner.build/Debug-iphonesimulator/GeneratorRunner.build/DerivedSources-normal/arm64 -Xcc -I/Users/josephmccraw/Documents/GitHub/NativeUIAuditKit/.build/xcode-dd/Build/Intermediates.noindex/GeneratorRunner.build/Debug-iphonesimulator/GeneratorRunner.build/DerivedSources/arm64 -Xcc -I/Users/josephmccraw/Documents/GitHub/NativeUIAuditKit/.build/xcode-dd/Build/Intermediates.noindex/GeneratorRunner.build/Debug-iphonesimulator/GeneratorRunner.build/DerivedSources -Xcc -DDEBUG\=1 -emit-objc-header -emit-objc-header-path /Users/josephmccraw/Documents/GitHub/NativeUIAuditKit/.build/xcode-dd/Build/Intermediates.noindex/GeneratorRunner.build/Debug-iphonesimulator/GeneratorRunner.build/Objects-normal/arm64/GeneratorRunner-Swift.h -working-directory /Users/josephmccraw/Documents/GitHub/NativeUIAuditKit/GeneratorRunner -experimental-emit-module-separately -disable-cmo

SwiftMergeGeneratedHeaders /Users/josephmccraw/Documents/GitHub/NativeUIAuditKit/.build/xcode-dd/Build/Intermediates.noindex/GeneratorRunner.build/Debug-iphonesimulator/GeneratorRunner.build/DerivedSources/GeneratorRunner-Swift.h /Users/josephmccraw/Documents/GitHub/NativeUIAuditKit/.build/xcode-dd/Build/Intermediates.noindex/GeneratorRunner.build/Debug-iphonesimulator/GeneratorRunner.build/Objects-normal/arm64/GeneratorRunner-Swift.h (in target 'GeneratorRunner' from project 'GeneratorRunner')
    cd /Users/josephmccraw/Documents/GitHub/NativeUIAuditKit/GeneratorRunner
    builtin-swiftHeaderTool -arch arm64 /Users/josephmccraw/Documents/GitHub/NativeUIAuditKit/.build/xcode-dd/Build/Intermediates.noindex/GeneratorRunner.build/Debug-iphonesimulator/GeneratorRunner.build/Objects-normal/arm64/GeneratorRunner-Swift.h -o /Users/josephmccraw/Documents/GitHub/NativeUIAuditKit/.build/xcode-dd/Build/Intermediates.noindex/GeneratorRunner.build/Debug-iphonesimulator/GeneratorRunner.build/DerivedSources/GeneratorRunner-Swift.h

Copy /Users/josephmccraw/Documents/GitHub/NativeUIAuditKit/.build/xcode-dd/Build/Products/Debug-iphonesimulator/GeneratorRunner.swiftmodule/arm64-apple-ios-simulator.swiftmodule /Users/josephmccraw/Documents/GitHub/NativeUIAuditKit/.build/xcode-dd/Build/Intermediates.noindex/GeneratorRunner.build/Debug-iphonesimulator/GeneratorRunner.build/Objects-normal/arm64/GeneratorRunner.swiftmodule (in target 'GeneratorRunner' from project 'GeneratorRunner')
    cd /Users/josephmccraw/Documents/GitHub/NativeUIAuditKit/GeneratorRunner
    builtin-copy -exclude .DS_Store -exclude CVS -exclude .svn -exclude .git -exclude .hg -resolve-src-symlinks -rename /Users/josephmccraw/Documents/GitHub/NativeUIAuditKit/.build/xcode-dd/Build/Intermediates.noindex/GeneratorRunner.build/Debug-iphonesimulator/GeneratorRunner.build/Objects-normal/arm64/GeneratorRunner.swiftmodule /Users/josephmccraw/Documents/GitHub/NativeUIAuditKit/.build/xcode-dd/Build/Products/Debug-iphonesimulator/GeneratorRunner.swiftmodule/arm64-apple-ios-simulator.swiftmodule

Copy /Users/josephmccraw/Documents/GitHub/NativeUIAuditKit/.build/xcode-dd/Build/Products/Debug-iphonesimulator/GeneratorRunner.swiftmodule/Project/arm64-apple-ios-simulator.swiftsourceinfo /Users/josephmccraw/Documents/GitHub/NativeUIAuditKit/.build/xcode-dd/Build/Intermediates.noindex/GeneratorRunner.build/Debug-iphonesimulator/GeneratorRunner.build/Objects-normal/arm64/GeneratorRunner.swiftsourceinfo (in target 'GeneratorRunner' from project 'GeneratorRunner')
    cd /Users/josephmccraw/Documents/GitHub/NativeUIAuditKit/GeneratorRunner
    builtin-copy -exclude .DS_Store -exclude CVS -exclude .svn -exclude .git -exclude .hg -resolve-src-symlinks -rename /Users/josephmccraw/Documents/GitHub/NativeUIAuditKit/.build/xcode-dd/Build/Intermediates.noindex/GeneratorRunner.build/Debug-iphonesimulator/GeneratorRunner.build/Objects-normal/arm64/GeneratorRunner.swiftsourceinfo /Users/josephmccraw/Documents/GitHub/NativeUIAuditKit/.build/xcode-dd/Build/Products/Debug-iphonesimulator/GeneratorRunner.swiftmodule/Project/arm64-apple-ios-simulator.swiftsourceinfo

Copy /Users/josephmccraw/Documents/GitHub/NativeUIAuditKit/.build/xcode-dd/Build/Products/Debug-iphonesimulator/GeneratorRunner.swiftmodule/arm64-apple-ios-simulator.swiftdoc /Users/josephmccraw/Documents/GitHub/NativeUIAuditKit/.build/xcode-dd/Build/Intermediates.noindex/GeneratorRunner.build/Debug-iphonesimulator/GeneratorRunner.build/Objects-normal/arm64/GeneratorRunner.swiftdoc (in target 'GeneratorRunner' from project 'GeneratorRunner')
    cd /Users/josephmccraw/Documents/GitHub/NativeUIAuditKit/GeneratorRunner
    builtin-copy -exclude .DS_Store -exclude CVS -exclude .svn -exclude .git -exclude .hg -resolve-src-symlinks -rename /Users/josephmccraw/Documents/GitHub/NativeUIAuditKit/.build/xcode-dd/Build/Intermediates.noindex/GeneratorRunner.build/Debug-iphonesimulator/GeneratorRunner.build/Objects-normal/arm64/GeneratorRunner.swiftdoc /Users/josephmccraw/Documents/GitHub/NativeUIAuditKit/.build/xcode-dd/Build/Products/Debug-iphonesimulator/GeneratorRunner.swiftmodule/arm64-apple-ios-simulator.swiftdoc

Copy /Users/josephmccraw/Documents/GitHub/NativeUIAuditKit/.build/xcode-dd/Build/Products/Debug-iphonesimulator/GeneratorRunner.swiftmodule/arm64-apple-ios-simulator.abi.json /Users/josephmccraw/Documents/GitHub/NativeUIAuditKit/.build/xcode-dd/Build/Intermediates.noindex/GeneratorRunner.build/Debug-iphonesimulator/GeneratorRunner.build/Objects-normal/arm64/GeneratorRunner.abi.json (in target 'GeneratorRunner' from project 'GeneratorRunner')
    cd /Users/josephmccraw/Documents/GitHub/NativeUIAuditKit/GeneratorRunner
    builtin-copy -exclude .DS_Store -exclude CVS -exclude .svn -exclude .git -exclude .hg -resolve-src-symlinks -rename /Users/josephmccraw/Documents/GitHub/NativeUIAuditKit/.build/xcode-dd/Build/Intermediates.noindex/GeneratorRunner.build/Debug-iphonesimulator/GeneratorRunner.build/Objects-normal/arm64/GeneratorRunner.abi.json /Users/josephmccraw/Documents/GitHub/NativeUIAuditKit/.build/xcode-dd/Build/Products/Debug-iphonesimulator/GeneratorRunner.swiftmodule/arm64-apple-ios-simulator.abi.json

SwiftDriver GeneratorRunnerTests normal arm64 com.apple.xcode.tools.swift.compiler (in target 'GeneratorRunnerTests' from project 'GeneratorRunner')
    cd /Users/josephmccraw/Documents/GitHub/NativeUIAuditKit/GeneratorRunner
    builtin-SwiftDriver -- /Applications/Xcode.app/Contents/Developer/Toolchains/XcodeDefault.xctoolchain/usr/bin/swiftc -module-name GeneratorRunnerTests -Onone @/Users/josephmccraw/Documents/GitHub/NativeUIAuditKit/.build/xcode-dd/Build/Intermediates.noindex/GeneratorRunner.build/Debug-iphonesimulator/GeneratorRunnerTests.build/Objects-normal/arm64/GeneratorRunnerTests.SwiftFileList -DDEBUG -plugin-path /Applications/Xcode.app/Contents/Developer/Toolchains/XcodeDefault.xctoolchain/usr/lib/swift/host/plugins/testing -enable-experimental-feature DebugDescriptionMacro -sdk /Applications/Xcode.app/Contents/Developer/Platforms/iPhoneSimulator.platform/Developer/SDKs/iPhoneSimulator26.5.sdk -target arm64-apple-ios17.0-simulator -g -module-cache-path /Users/josephmccraw/Documents/GitHub/NativeUIAuditKit/.build/xcode-dd/ModuleCache.noindex -Xfrontend -serialize-debugging-options -enable-testing -index-store-path /Users/josephmccraw/Documents/GitHub/NativeUIAuditKit/.build/xcode-dd/Index.noindex/DataStore -Xcc -D_LIBCPP_HARDENING_MODE\=_LIBCPP_HARDENING_MODE_DEBUG -swift-version 6 -I /Users/josephmccraw/Documents/GitHub/NativeUIAuditKit/.build/xcode-dd/Build/Products/Debug-iphonesimulator -Isystem /Applications/Xcode.app/Contents/Developer/Platforms/iPhoneSimulator.platform/Developer/usr/lib -F /Users/josephmccraw/Documents/GitHub/NativeUIAuditKit/.build/xcode-dd/Build/Products/Debug-iphonesimulator -F /Applications/Xcode.app/Contents/Developer/Platforms/iPhoneSimulator.platform/Developer/Library/Frameworks -F /Applications/Xcode.app/Contents/Developer/Platforms/iPhoneSimulator.platform/Developer/SDKs/iPhoneSimulator26.5.sdk/Developer/Library/Frameworks -c -j10 -enable-batch-mode -incremental -Xcc -ivfsstatcache -Xcc /Users/josephmccraw/Documents/GitHub/NativeUIAuditKit/.build/xcode-dd/SDKStatCaches.noindex/iphonesimulator26.5-23F81a-6cfe768891a92b912361537c460fe42b.sdkstatcache -output-file-map /Users/josephmccraw/Documents/GitHub/NativeUIAuditKit/.build/xcode-dd/Build/Intermediates.noindex/GeneratorRunner.build/Debug-iphonesimulator/GeneratorRunnerTests.build/Objects-normal/arm64/GeneratorRunnerTests-OutputFileMap.json -use-frontend-parseable-output -save-temps -no-color-diagnostics -explicit-module-build -module-cache-path /Users/josephmccraw/Documents/GitHub/NativeUIAuditKit/.build/xcode-dd/Build/Intermediates.noindex/SwiftExplicitPrecompiledModules -clang-scanner-module-cache-path /Users/josephmccraw/Documents/GitHub/NativeUIAuditKit/.build/xcode-dd/ModuleCache.noindex -sdk-module-cache-path /Users/josephmccraw/Documents/GitHub/NativeUIAuditKit/.build/xcode-dd/ModuleCache.noindex -serialize-diagnostics -emit-dependencies -emit-module -emit-module-path /Users/josephmccraw/Documents/GitHub/NativeUIAuditKit/.build/xcode-dd/Build/Intermediates.noindex/GeneratorRunner.build/Debug-iphonesimulator/GeneratorRunnerTests.build/Objects-normal/arm64/GeneratorRunnerTests.swiftmodule -validate-clang-modules-once -clang-build-session-file /Users/josephmccraw/Documents/GitHub/NativeUIAuditKit/.build/xcode-dd/ModuleCache.noindex/Session.modulevalidation -Xcc -I/Users/josephmccraw/Documents/GitHub/NativeUIAuditKit/.build/xcode-dd/Build/Intermediates.noindex/GeneratorRunner.build/Debug-iphonesimulator/GeneratorRunnerTests.build/swift-overrides.hmap -emit-const-values -Xfrontend -const-gather-protocols-file -Xfrontend /Users/josephmccraw/Documents/GitHub/NativeUIAuditKit/.build/xcode-dd/Build/Intermediates.noindex/GeneratorRunner.build/Debug-iphonesimulator/GeneratorRunnerTests.build/Objects-normal/arm64/GeneratorRunnerTests_const_extract_protocols.json -Xcc -iquote -Xcc /Users/josephmccraw/Documents/GitHub/NativeUIAuditKit/.build/xcode-dd/Build/Intermediates.noindex/GeneratorRunner.build/Debug-iphonesimulator/GeneratorRunnerTests.build/GeneratorRunnerTests-generated-files.hmap -Xcc -I/Users/josephmccraw/Documents/GitHub/NativeUIAuditKit/.build/xcode-dd/Build/Intermediates.noindex/GeneratorRunner.build/Debug-iphonesimulator/GeneratorRunnerTests.build/GeneratorRunnerTests-own-target-headers.hmap -Xcc -I/Users/josephmccraw/Documents/GitHub/NativeUIAuditKit/.build/xcode-dd/Build/Intermediates.noindex/GeneratorRunner.build/Debug-iphonesimulator/GeneratorRunnerTests.build/GeneratorRunnerTests-all-target-headers.hmap -Xcc -iquote -Xcc /Users/josephmccraw/Documents/GitHub/NativeUIAuditKit/.build/xcode-dd/Build/Intermediates.noindex/GeneratorRunner.build/Debug-iphonesimulator/GeneratorRunnerTests.build/GeneratorRunnerTests-project-headers.hmap -Xcc -I/Users/josephmccraw/Documents/GitHub/NativeUIAuditKit/.build/xcode-dd/Build/Products/Debug-iphonesimulator/include -Xcc -I/Users/josephmccraw/Documents/GitHub/NativeUIAuditKit/.build/xcode-dd/Build/Intermediates.noindex/GeneratorRunner.build/Debug-iphonesimulator/GeneratorRunnerTests.build/DerivedSources-normal/arm64 -Xcc -I/Users/josephmccraw/Documents/GitHub/NativeUIAuditKit/.build/xcode-dd/Build/Intermediates.noindex/GeneratorRunner.build/Debug-iphonesimulator/GeneratorRunnerTests.build/DerivedSources/arm64 -Xcc -I/Users/josephmccraw/Documents/GitHub/NativeUIAuditKit/.build/xcode-dd/Build/Intermediates.noindex/GeneratorRunner.build/Debug-iphonesimulator/GeneratorRunnerTests.build/DerivedSources -Xcc -DDEBUG\=1 -emit-objc-header -emit-objc-header-path /Users/josephmccraw/Documents/GitHub/NativeUIAuditKit/.build/xcode-dd/Build/Intermediates.noindex/GeneratorRunner.build/Debug-iphonesimulator/GeneratorRunnerTests.build/Objects-normal/arm64/GeneratorRunnerTests-Swift.h -working-directory /Users/josephmccraw/Documents/GitHub/NativeUIAuditKit/GeneratorRunner -experimental-emit-module-separately -disable-cmo

SwiftExplicitDependencyGeneratePcm arm64 /Users/josephmccraw/Documents/GitHub/NativeUIAuditKit/.build/xcode-dd/ModuleCache.noindex/CoreAudioTypes-903YJM5GR9OYPUWT52PWXFB6L.pcm

SwiftExplicitDependencyGeneratePcm arm64 /Users/josephmccraw/Documents/GitHub/NativeUIAuditKit/.build/xcode-dd/ModuleCache.noindex/LocalAuthentication-86QHFM5YMMYQP62D7OK3QXEDE.pcm

SwiftExplicitDependencyGeneratePcm arm64 /Users/josephmccraw/Documents/GitHub/NativeUIAuditKit/.build/xcode-dd/ModuleCache.noindex/SwiftUI-DJLVXTWLP6376YE6OXTTX1BQV.pcm

SwiftExplicitDependencyGeneratePcm arm64 /Users/josephmccraw/Documents/GitHub/NativeUIAuditKit/.build/xcode-dd/ModuleCache.noindex/Accelerate-8UVVWRN0TVZXQXE2J77P9PL3J.pcm

SwiftExplicitDependencyGeneratePcm arm64 /Users/josephmccraw/Documents/GitHub/NativeUIAuditKit/.build/xcode-dd/ModuleCache.noindex/CoreML-53KZBGNNNZMGCT17JTVXHW9UD.pcm

SwiftExplicitDependencyGeneratePcm arm64 /Users/josephmccraw/Documents/GitHub/NativeUIAuditKit/.build/xcode-dd/ModuleCache.noindex/CoreMIDI-7KBXK6T89UIFUVT7H102QP1F0.pcm

SwiftExplicitDependencyGeneratePcm arm64 /Users/josephmccraw/Documents/GitHub/NativeUIAuditKit/.build/xcode-dd/ModuleCache.noindex/dnssd-AE656L944Y9MLGFXL25K1R9BU.pcm

SwiftExplicitDependencyGeneratePcm arm64 /Users/josephmccraw/Documents/GitHub/NativeUIAuditKit/.build/xcode-dd/ModuleCache.noindex/CoreData-93NII0SA6K1AD6V1QR7VX2SUJ.pcm

SwiftExplicitDependencyGeneratePcm arm64 /Users/josephmccraw/Documents/GitHub/NativeUIAuditKit/.build/xcode-dd/Build/Intermediates.noindex/SwiftExplicitPrecompiledModules/XCUIAutomation-E3QNGYATV7BXB0VEODLHON986.pcm

SwiftExplicitDependencyGeneratePcm arm64 /Users/josephmccraw/Documents/GitHub/NativeUIAuditKit/.build/xcode-dd/ModuleCache.noindex/Network-9RIIUKP0VQ9O0QC7TLQZ4F0ZM.pcm

SwiftExplicitDependencyGeneratePcm arm64 /Users/josephmccraw/Documents/GitHub/NativeUIAuditKit/.build/xcode-dd/ModuleCache.noindex/CoreAudio-E0V7KNALMWHYJ4GBBKENB9LH0.pcm

SwiftExplicitDependencyGeneratePcm arm64 /Users/josephmccraw/Documents/GitHub/NativeUIAuditKit/.build/xcode-dd/ModuleCache.noindex/AudioToolbox-670TSQ2S0JLO7D8ALNSO9FPBU.pcm

SwiftExplicitDependencyGeneratePcm arm64 /Users/josephmccraw/Documents/GitHub/NativeUIAuditKit/.build/xcode-dd/Build/Intermediates.noindex/SwiftExplicitPrecompiledModules/XCTest-589XKEB2V5NJC6K3WPN0R3B9T.pcm

SwiftExplicitDependencyCompileModuleFromInterface arm64 /Users/josephmccraw/Documents/GitHub/NativeUIAuditKit/.build/xcode-dd/Build/Intermediates.noindex/SwiftExplicitPrecompiledModules/XCUIAutomation-Q7JXQGTNETIX.swiftmodule

SwiftExplicitDependencyGeneratePcm arm64 /Users/josephmccraw/Documents/GitHub/NativeUIAuditKit/.build/xcode-dd/ModuleCache.noindex/CoreMedia-6WO1Y2QZO532KT85LGLW6ATLF.pcm

SwiftExplicitDependencyGeneratePcm arm64 /Users/josephmccraw/Documents/GitHub/NativeUIAuditKit/.build/xcode-dd/ModuleCache.noindex/AVRouting-1SVNX5PTQFP76HRIE1GBYPYG0.pcm

SwiftExplicitDependencyGeneratePcm arm64 /Users/josephmccraw/Documents/GitHub/NativeUIAuditKit/.build/xcode-dd/ModuleCache.noindex/WebKit-EAGY94M5220RE0IF0P4KRT43W.pcm

SwiftExplicitDependencyGeneratePcm arm64 /Users/josephmccraw/Documents/GitHub/NativeUIAuditKit/.build/xcode-dd/ModuleCache.noindex/Vision-42EOOVSIL9OVCDRBT7EIK6NC9.pcm

SwiftExplicitDependencyGeneratePcm arm64 /Users/josephmccraw/Documents/GitHub/NativeUIAuditKit/.build/xcode-dd/ModuleCache.noindex/MediaToolbox-BFSOVAIX054BJE4KKFVCOHQWY.pcm

SwiftExplicitDependencyGeneratePcm arm64 /Users/josephmccraw/Documents/GitHub/NativeUIAuditKit/.build/xcode-dd/ModuleCache.noindex/AVFAudio-DNKFYWW94RZT5EQQJDOARW4VB.pcm

SwiftExplicitDependencyCompileModuleFromInterface arm64 /Users/josephmccraw/Documents/GitHub/NativeUIAuditKit/.build/xcode-dd/Build/Intermediates.noindex/SwiftExplicitPrecompiledModules/XCTest-GX9TJOSL051E.swiftmodule

SwiftExplicitDependencyGeneratePcm arm64 /Users/josephmccraw/Documents/GitHub/NativeUIAuditKit/.build/xcode-dd/ModuleCache.noindex/AVFoundation-D28V4H0XAN3KGPI5QY21R60Q2.pcm

SwiftEmitModule normal arm64 Emitting\ module\ for\ GeneratorRunnerTests (in target 'GeneratorRunnerTests' from project 'GeneratorRunner')
EmitSwiftModule normal arm64 (in target 'GeneratorRunnerTests' from project 'GeneratorRunner')
    cd /Users/josephmccraw/Documents/GitHub/NativeUIAuditKit/GeneratorRunner
    

SwiftCompile normal arm64 Compiling\ NotificationCenterTemplate.swift,\ GalleryPageTemplate.swift,\ iPadSidebarTemplate.swift,\ AlertWithTextFieldTemplate.swift,\ SettingsToggleDenseTemplate.swift,\ AccountProfileFormTemplate.swift,\ ChromeCoverageTemplate.swift,\ NativeUIPageControlView.swift /Users/josephmccraw/Documents/GitHub/NativeUIAuditKit/NativeUIDatasetGenerator/Templates/NotificationCenterTemplate.swift /Users/josephmccraw/Documents/GitHub/NativeUIAuditKit/NativeUIDatasetGenerator/Templates/GalleryPageTemplate.swift /Users/josephmccraw/Documents/GitHub/NativeUIAuditKit/NativeUIDatasetGenerator/Templates/iPadSidebarTemplate.swift /Users/josephmccraw/Documents/GitHub/NativeUIAuditKit/NativeUIDatasetGenerator/Templates/AlertWithTextFieldTemplate.swift /Users/josephmccraw/Documents/GitHub/NativeUIAuditKit/NativeUIDatasetGenerator/Templates/SettingsToggleDenseTemplate.swift /Users/josephmccraw/Documents/GitHub/NativeUIAuditKit/NativeUIDatasetGenerator/Templates/AccountProfileFormTemplate.swift /Users/josephmccraw/Documents/GitHub/NativeUIAuditKit/NativeUIDatasetGenerator/Templates/ChromeCoverageTemplate.swift /Users/josephmccraw/Documents/GitHub/NativeUIAuditKit/NativeUIDatasetGenerator/Templates/NativeUIPageControlView.swift (in target 'GeneratorRunnerTests' from project 'GeneratorRunner')
SwiftCompile normal arm64 /Users/josephmccraw/Documents/GitHub/NativeUIAuditKit/NativeUIDatasetGenerator/Templates/NotificationCenterTemplate.swift (in target 'GeneratorRunnerTests' from project 'GeneratorRunner')
    cd /Users/josephmccraw/Documents/GitHub/NativeUIAuditKit/GeneratorRunner
    

SwiftCompile normal arm64 /Users/josephmccraw/Documents/GitHub/NativeUIAuditKit/NativeUIDatasetGenerator/Templates/GalleryPageTemplate.swift (in target 'GeneratorRunnerTests' from project 'GeneratorRunner')
    cd /Users/josephmccraw/Documents/GitHub/NativeUIAuditKit/GeneratorRunner
    

SwiftCompile normal arm64 /Users/josephmccraw/Documents/GitHub/NativeUIAuditKit/NativeUIDatasetGenerator/Templates/iPadSidebarTemplate.swift (in target 'GeneratorRunnerTests' from project 'GeneratorRunner')
    cd /Users/josephmccraw/Documents/GitHub/NativeUIAuditKit/GeneratorRunner
    

SwiftCompile normal arm64 /Users/josephmccraw/Documents/GitHub/NativeUIAuditKit/NativeUIDatasetGenerator/Templates/AlertWithTextFieldTemplate.swift (in target 'GeneratorRunnerTests' from project 'GeneratorRunner')
    cd /Users/josephmccraw/Documents/GitHub/NativeUIAuditKit/GeneratorRunner
    

SwiftCompile normal arm64 /Users/josephmccraw/Documents/GitHub/NativeUIAuditKit/NativeUIDatasetGenerator/Templates/SettingsToggleDenseTemplate.swift (in target 'GeneratorRunnerTests' from project 'GeneratorRunner')
    cd /Users/josephmccraw/Documents/GitHub/NativeUIAuditKit/GeneratorRunner
    

SwiftCompile normal arm64 /Users/josephmccraw/Documents/GitHub/NativeUIAuditKit/NativeUIDatasetGenerator/Templates/AccountProfileFormTemplate.swift (in target 'GeneratorRunnerTests' from project 'GeneratorRunner')
    cd /Users/josephmccraw/Documents/GitHub/NativeUIAuditKit/GeneratorRunner
    

SwiftCompile normal arm64 /Users/josephmccraw/Documents/GitHub/NativeUIAuditKit/NativeUIDatasetGenerator/Templates/ChromeCoverageTemplate.swift (in target 'GeneratorRunnerTests' from project 'GeneratorRunner')
    cd /Users/josephmccraw/Documents/GitHub/NativeUIAuditKit/GeneratorRunner
    

SwiftCompile normal arm64 /Users/josephmccraw/Documents/GitHub/NativeUIAuditKit/NativeUIDatasetGenerator/Templates/NativeUIPageControlView.swift (in target 'GeneratorRunnerTests' from project 'GeneratorRunner')
    cd /Users/josephmccraw/Documents/GitHub/NativeUIAuditKit/GeneratorRunner
    

SwiftCompile normal arm64 Compiling\ CaptureTypes.swift,\ GeneratorConfig.swift,\ ContentCorpus.swift,\ SeededRNG.swift,\ AnnotationWriter.swift,\ DatasetManifest.swift,\ BalanceReport.swift,\ ScreenshotCapture.swift,\ LoginFormTemplate.swift /Users/josephmccraw/Documents/GitHub/NativeUIAuditKit/NativeUIDatasetGenerator/Sources/CaptureTypes.swift /Users/josephmccraw/Documents/GitHub/NativeUIAuditKit/NativeUIDatasetGenerator/Sources/GeneratorConfig.swift /Users/josephmccraw/Documents/GitHub/NativeUIAuditKit/NativeUIDatasetGenerator/Sources/ContentCorpus.swift /Users/josephmccraw/Documents/GitHub/NativeUIAuditKit/NativeUIDatasetGenerator/Sources/SeededRNG.swift /Users/josephmccraw/Documents/GitHub/NativeUIAuditKit/NativeUIDatasetGenerator/Sources/AnnotationWriter.swift /Users/josephmccraw/Documents/GitHub/NativeUIAuditKit/NativeUIDatasetGenerator/Sources/DatasetManifest.swift /Users/josephmccraw/Documents/GitHub/NativeUIAuditKit/NativeUIDatasetGenerator/Sources/BalanceReport.swift /Users/josephmccraw/Documents/GitHub/NativeUIAuditKit/NativeUIDatasetGenerator/Templates/ScreenshotCapture.swift /Users/josephmccraw/Documents/GitHub/NativeUIAuditKit/NativeUIDatasetGenerator/Templates/LoginFormTemplate.swift (in target 'GeneratorRunnerTests' from project 'GeneratorRunner')

SwiftCompile normal arm64 /Users/josephmccraw/Documents/GitHub/NativeUIAuditKit/NativeUIDatasetGenerator/Sources/CaptureTypes.swift (in target 'GeneratorRunnerTests' from project 'GeneratorRunner')
    cd /Users/josephmccraw/Documents/GitHub/NativeUIAuditKit/GeneratorRunner
    

SwiftCompile normal arm64 /Users/josephmccraw/Documents/GitHub/NativeUIAuditKit/NativeUIDatasetGenerator/Sources/GeneratorConfig.swift (in target 'GeneratorRunnerTests' from project 'GeneratorRunner')
    cd /Users/josephmccraw/Documents/GitHub/NativeUIAuditKit/GeneratorRunner
    

SwiftCompile normal arm64 /Users/josephmccraw/Documents/GitHub/NativeUIAuditKit/NativeUIDatasetGenerator/Sources/ContentCorpus.swift (in target 'GeneratorRunnerTests' from project 'GeneratorRunner')
    cd /Users/josephmccraw/Documents/GitHub/NativeUIAuditKit/GeneratorRunner
    

SwiftCompile normal arm64 /Users/josephmccraw/Documents/GitHub/NativeUIAuditKit/NativeUIDatasetGenerator/Sources/SeededRNG.swift (in target 'GeneratorRunnerTests' from project 'GeneratorRunner')
    cd /Users/josephmccraw/Documents/GitHub/NativeUIAuditKit/GeneratorRunner
    

SwiftCompile normal arm64 /Users/josephmccraw/Documents/GitHub/NativeUIAuditKit/NativeUIDatasetGenerator/Sources/AnnotationWriter.swift (in target 'GeneratorRunnerTests' from project 'GeneratorRunner')
    cd /Users/josephmccraw/Documents/GitHub/NativeUIAuditKit/GeneratorRunner
    

SwiftCompile normal arm64 /Users/josephmccraw/Documents/GitHub/NativeUIAuditKit/NativeUIDatasetGenerator/Sources/DatasetManifest.swift (in target 'GeneratorRunnerTests' from project 'GeneratorRunner')
    cd /Users/josephmccraw/Documents/GitHub/NativeUIAuditKit/GeneratorRunner
    

SwiftCompile normal arm64 /Users/josephmccraw/Documents/GitHub/NativeUIAuditKit/NativeUIDatasetGenerator/Sources/BalanceReport.swift (in target 'GeneratorRunnerTests' from project 'GeneratorRunner')
    cd /Users/josephmccraw/Documents/GitHub/NativeUIAuditKit/GeneratorRunner
    

SwiftCompile normal arm64 /Users/josephmccraw/Documents/GitHub/NativeUIAuditKit/NativeUIDatasetGenerator/Templates/ScreenshotCapture.swift (in target 'GeneratorRunnerTests' from project 'GeneratorRunner')
    cd /Users/josephmccraw/Documents/GitHub/NativeUIAuditKit/GeneratorRunner
    
/Users/josephmccraw/Documents/GitHub/NativeUIAuditKit/NativeUIDatasetGenerator/Templates/ScreenshotCapture.swift:45:13: warning: initialization of immutable value 'screen' was never used; consider replacing with assignment to '_' or removing it
        let screen = UIScreen.main
        ~~~~^~~~~~
        _
/Users/josephmccraw/Documents/GitHub/NativeUIAuditKit/NativeUIDatasetGenerator/Templates/ScreenshotCapture.swift:170:25: warning: main actor-isolated property 'isHidden' can not be referenced from a nonisolated context
            guard !view.isHidden, view.alpha > 0.01 else { return }
                        ^
/Applications/Xcode.app/Contents/Developer/Platforms/iPhoneSimulator.platform/Developer/SDKs/iPhoneSimulator26.5.sdk/System/Library/Frameworks/UIKit.framework/Headers/UIView.h:321:56: note: property declared here
@property(nonatomic,getter=isHidden) BOOL              hidden;                     // default is NO. doesn't check superviews
                                                       ^
/Users/josephmccraw/Documents/GitHub/NativeUIAuditKit/NativeUIDatasetGenerator/Templates/ScreenshotCapture.swift:170:40: warning: main actor-isolated property 'alpha' can not be referenced from a nonisolated context
            guard !view.isHidden, view.alpha > 0.01 else { return }
                                       ^
/Applications/Xcode.app/Contents/Developer/Platforms/iPhoneSimulator.platform/Developer/SDKs/iPhoneSimulator26.5.sdk/System/Library/Frameworks/UIKit.framework/Headers/UIView.h:318:56: note: property declared here
@property(nonatomic)                 CGFloat           alpha;                      // animatable. default is 1.0
                                                       ^
/Users/josephmccraw/Documents/GitHub/NativeUIAuditKit/NativeUIDatasetGenerator/Templates/ScreenshotCapture.swift:174:54: warning: call to main actor-isolated instance method 'convert(_:to:)' in a synchronous nonisolated context
                    result["navigationBar"] = navBar.convert(navBar.bounds, to: hostingView)
                                                     ^
UIKit.UIView.convert:3:24: note: calls to instance method 'convert(_:to:)' from outside of its actor context are implicitly asynchronous
  @MainActor open func convert(_ rect: CGRect, to coordinateSpace: any UICoordinateSpace) -> CGRect}
                       ^
/Users/josephmccraw/Documents/GitHub/NativeUIAuditKit/NativeUIDatasetGenerator/Templates/ScreenshotCapture.swift:174:69: warning: main actor-isolated property 'bounds' can not be referenced from a nonisolated context
                    result["navigationBar"] = navBar.convert(navBar.bounds, to: hostingView)
                                                                    ^
/Applications/Xcode.app/Contents/Developer/Platforms/iPhoneSimulator.platform/Developer/SDKs/iPhoneSimulator26.5.sdk/System/Library/Frameworks/UIKit.framework/Headers/UIView.h:192:40: note: property declared here
@property(nonatomic) CGRect            bounds;      // default bounds is zero origin, frame size. animatable
                                       ^
/Users/josephmccraw/Documents/GitHub/NativeUIAuditKit/NativeUIDatasetGenerator/Templates/ScreenshotCapture.swift:180:49: warning: call to main actor-isolated instance method 'convert(_:to:)' in a synchronous nonisolated context
                    result["toolbar"] = toolbar.convert(toolbar.bounds, to: hostingView)
                                                ^
UIKit.UIView.convert:3:24: note: calls to instance method 'convert(_:to:)' from outside of its actor context are implicitly asynchronous
  @MainActor open func convert(_ rect: CGRect, to coordinateSpace: any UICoordinateSpace) -> CGRect}
                       ^
/Users/josephmccraw/Documents/GitHub/NativeUIAuditKit/NativeUIDatasetGenerator/Templates/ScreenshotCapture.swift:180:65: warning: main actor-isolated property 'bounds' can not be referenced from a nonisolated context
                    result["toolbar"] = toolbar.convert(toolbar.bounds, to: hostingView)
                                                                ^
/Applications/Xcode.app/Contents/Developer/Platforms/iPhoneSimulator.platform/Developer/SDKs/iPhoneSimulator26.5.sdk/System/Library/Frameworks/UIKit.framework/Headers/UIView.h:192:40: note: property declared here
@property(nonatomic) CGRect            bounds;      // default bounds is zero origin, frame size. animatable
                                       ^
/Users/josephmccraw/Documents/GitHub/NativeUIAuditKit/NativeUIDatasetGenerator/Templates/ScreenshotCapture.swift:184:47: warning: call to main actor-isolated instance method 'convert(_:to:)' in a synchronous nonisolated context
                    result["tabBar"] = tabBar.convert(tabBar.bounds, to: hostingView)
                                              ^
UIKit.UIView.convert:3:24: note: calls to instance method 'convert(_:to:)' from outside of its actor context are implicitly asynchronous
  @MainActor open func convert(_ rect: CGRect, to coordinateSpace: any UICoordinateSpace) -> CGRect}
                       ^
/Users/josephmccraw/Documents/GitHub/NativeUIAuditKit/NativeUIDatasetGenerator/Templates/ScreenshotCapture.swift:184:62: warning: main actor-isolated property 'bounds' can not be referenced from a nonisolated context
                    result["tabBar"] = tabBar.convert(tabBar.bounds, to: hostingView)
                                                             ^
/Applications/Xcode.app/Contents/Developer/Platforms/iPhoneSimulator.platform/Developer/SDKs/iPhoneSimulator26.5.sdk/System/Library/Frameworks/UIKit.framework/Headers/UIView.h:192:40: note: property declared here
@property(nonatomic) CGRect            bounds;      // default bounds is zero origin, frame size. animatable
                                       ^
/Users/josephmccraw/Documents/GitHub/NativeUIAuditKit/NativeUIDatasetGenerator/Templates/ScreenshotCapture.swift:191:40: warning: main actor-isolated property 'items' can not be referenced from a nonisolated context
                let itemCount = tabBar.items?.count ?? 0
                                       ^
/Applications/Xcode.app/Contents/Developer/Platforms/iPhoneSimulator.platform/Developer/SDKs/iPhoneSimulator26.5.sdk/System/Library/Frameworks/UIKit.framework/Headers/UITabBar.h:31:63: note: property declared here
@property(nullable, nonatomic, copy) NSArray<UITabBarItem *> *items;        // get/set visible UITabBarItems. default is nil. changes not animated. shown in order
                                                              ^
/Users/josephmccraw/Documents/GitHub/NativeUIAuditKit/NativeUIDatasetGenerator/Templates/ScreenshotCapture.swift:206:18: warning: main actor-isolated property 'subviews' can not be referenced from a nonisolated context
            view.subviews.forEach { walk($0) }
                 ^
/Applications/Xcode.app/Contents/Developer/Platforms/iPhoneSimulator.platform/Developer/SDKs/iPhoneSimulator26.5.sdk/System/Library/Frameworks/UIKit.framework/Headers/UIView.h:226:64: note: property declared here
@property(nonatomic,readonly,copy) NSArray<__kindof UIView *> *subviews;
                                                               ^

SwiftCompile normal arm64 /Users/josephmccraw/Documents/GitHub/NativeUIAuditKit/NativeUIDatasetGenerator/Templates/LoginFormTemplate.swift (in target 'GeneratorRunnerTests' from project 'GeneratorRunner')
    cd /Users/josephmccraw/Documents/GitHub/NativeUIAuditKit/GeneratorRunner
    

SwiftCompile normal arm64 Compiling\ MenuButtonTemplate.swift,\ LinkRichTextTemplate.swift,\ SliderPanelTemplate.swift,\ SegmentedFilterTemplate.swift,\ CardDetailTemplate.swift,\ MultiSectionFormTemplate.swift,\ ToolbarActionsTemplate.swift,\ WizardStepFlowTemplate.swift /Users/josephmccraw/Documents/GitHub/NativeUIAuditKit/NativeUIDatasetGenerator/Templates/MenuButtonTemplate.swift /Users/josephmccraw/Documents/GitHub/NativeUIAuditKit/NativeUIDatasetGenerator/Templates/LinkRichTextTemplate.swift /Users/josephmccraw/Documents/GitHub/NativeUIAuditKit/NativeUIDatasetGenerator/Templates/SliderPanelTemplate.swift /Users/josephmccraw/Documents/GitHub/NativeUIAuditKit/NativeUIDatasetGenerator/Templates/SegmentedFilterTemplate.swift /Users/josephmccraw/Documents/GitHub/NativeUIAuditKit/NativeUIDatasetGenerator/Templates/CardDetailTemplate.swift /Users/josephmccraw/Documents/GitHub/NativeUIAuditKit/NativeUIDatasetGenerator/Templates/MultiSectionFormTemplate.swift /Users/josephmccraw/Documents/GitHub/NativeUIAuditKit/NativeUIDatasetGenerator/Templates/ToolbarActionsTemplate.swift /Users/josephmccraw/Documents/GitHub/NativeUIAuditKit/NativeUIDatasetGenerator/Templates/WizardStepFlowTemplate.swift (in target 'GeneratorRunnerTests' from project 'GeneratorRunner')

SwiftCompile normal arm64 /Users/josephmccraw/Documents/GitHub/NativeUIAuditKit/NativeUIDatasetGenerator/Templates/MenuButtonTemplate.swift (in target 'GeneratorRunnerTests' from project 'GeneratorRunner')
    cd /Users/josephmccraw/Documents/GitHub/NativeUIAuditKit/GeneratorRunner
    
/Users/josephmccraw/Documents/GitHub/NativeUIAuditKit/NativeUIDatasetGenerator/Templates/MenuButtonTemplate.swift:72:13: warning: immutable value 'i' was never used; consider replacing with '_' or removing it
        for i in 0..<menuCount { items.append(pool[Int(rng.next() % UInt64(pool.count))]) }
            ^
            _

SwiftCompile normal arm64 /Users/josephmccraw/Documents/GitHub/NativeUIAuditKit/NativeUIDatasetGenerator/Templates/LinkRichTextTemplate.swift (in target 'GeneratorRunnerTests' from project 'GeneratorRunner')
    cd /Users/josephmccraw/Documents/GitHub/NativeUIAuditKit/GeneratorRunner
    

SwiftCompile normal arm64 /Users/josephmccraw/Documents/GitHub/NativeUIAuditKit/NativeUIDatasetGenerator/Templates/SliderPanelTemplate.swift (in target 'GeneratorRunnerTests' from project 'GeneratorRunner')
    cd /Users/josephmccraw/Documents/GitHub/NativeUIAuditKit/GeneratorRunner
    

SwiftCompile normal arm64 /Users/josephmccraw/Documents/GitHub/NativeUIAuditKit/NativeUIDatasetGenerator/Templates/SegmentedFilterTemplate.swift (in target 'GeneratorRunnerTests' from project 'GeneratorRunner')
    cd /Users/josephmccraw/Documents/GitHub/NativeUIAuditKit/GeneratorRunner
    

SwiftCompile normal arm64 /Users/josephmccraw/Documents/GitHub/NativeUIAuditKit/NativeUIDatasetGenerator/Templates/CardDetailTemplate.swift (in target 'GeneratorRunnerTests' from project 'GeneratorRunner')
    cd /Users/josephmccraw/Documents/GitHub/NativeUIAuditKit/GeneratorRunner
    

SwiftCompile normal arm64 /Users/josephmccraw/Documents/GitHub/NativeUIAuditKit/NativeUIDatasetGenerator/Templates/MultiSectionFormTemplate.swift (in target 'GeneratorRunnerTests' from project 'GeneratorRunner')
    cd /Users/josephmccraw/Documents/GitHub/NativeUIAuditKit/GeneratorRunner
    

SwiftCompile normal arm64 /Users/josephmccraw/Documents/GitHub/NativeUIAuditKit/NativeUIDatasetGenerator/Templates/ToolbarActionsTemplate.swift (in target 'GeneratorRunnerTests' from project 'GeneratorRunner')
    cd /Users/josephmccraw/Documents/GitHub/NativeUIAuditKit/GeneratorRunner
    

SwiftCompile normal arm64 /Users/josephmccraw/Documents/GitHub/NativeUIAuditKit/NativeUIDatasetGenerator/Templates/WizardStepFlowTemplate.swift (in target 'GeneratorRunnerTests' from project 'GeneratorRunner')
    cd /Users/josephmccraw/Documents/GitHub/NativeUIAuditKit/GeneratorRunner
    

SwiftCompile normal arm64 Compiling\ LiquidGlassTabTemplate.swift,\ SettingsDisclosureTemplate.swift,\ RefreshControlTemplate.swift,\ ContextMenuTemplate.swift,\ MapOverlaysTemplate.swift,\ StepperTemplate.swift,\ ProgressActivityTemplate.swift,\ ColorPickerTemplate.swift /Users/josephmccraw/Documents/GitHub/NativeUIAuditKit/NativeUIDatasetGenerator/Templates/LiquidGlassTabTemplate.swift /Users/josephmccraw/Documents/GitHub/NativeUIAuditKit/NativeUIDatasetGenerator/Templates/SettingsDisclosureTemplate.swift /Users/josephmccraw/Documents/GitHub/NativeUIAuditKit/NativeUIDatasetGenerator/Templates/RefreshControlTemplate.swift /Users/josephmccraw/Documents/GitHub/NativeUIAuditKit/NativeUIDatasetGenerator/Templates/ContextMenuTemplate.swift /Users/josephmccraw/Documents/GitHub/NativeUIAuditKit/NativeUIDatasetGenerator/Templates/MapOverlaysTemplate.swift /Users/josephmccraw/Documents/GitHub/NativeUIAuditKit/NativeUIDatasetGenerator/Templates/StepperTemplate.swift /Users/josephmccraw/Documents/GitHub/NativeUIAuditKit/NativeUIDatasetGenerator/Templates/ProgressActivityTemplate.swift /Users/josephmccraw/Documents/GitHub/NativeUIAuditKit/NativeUIDatasetGenerator/Templates/ColorPickerTemplate.swift (in target 'GeneratorRunnerTests' from project 'GeneratorRunner')
SwiftCompile normal arm64 /Users/josephmccraw/Documents/GitHub/NativeUIAuditKit/NativeUIDatasetGenerator/Templates/LiquidGlassTabTemplate.swift (in target 'GeneratorRunnerTests' from project 'GeneratorRunner')
    cd /Users/josephmccraw/Documents/GitHub/NativeUIAuditKit/GeneratorRunner
    

SwiftCompile normal arm64 /Users/josephmccraw/Documents/GitHub/NativeUIAuditKit/NativeUIDatasetGenerator/Templates/SettingsDisclosureTemplate.swift (in target 'GeneratorRunnerTests' from project 'GeneratorRunner')
    cd /Users/josephmccraw/Documents/GitHub/NativeUIAuditKit/GeneratorRunner
    

SwiftCompile normal arm64 /Users/josephmccraw/Documents/GitHub/NativeUIAuditKit/NativeUIDatasetGenerator/Templates/RefreshControlTemplate.swift (in target 'GeneratorRunnerTests' from project 'GeneratorRunner')
    cd /Users/josephmccraw/Documents/GitHub/NativeUIAuditKit/GeneratorRunner
    

SwiftCompile normal arm64 /Users/josephmccraw/Documents/GitHub/NativeUIAuditKit/NativeUIDatasetGenerator/Templates/ContextMenuTemplate.swift (in target 'GeneratorRunnerTests' from project 'GeneratorRunner')
    cd /Users/josephmccraw/Documents/GitHub/NativeUIAuditKit/GeneratorRunner
    

SwiftCompile normal arm64 /Users/josephmccraw/Documents/GitHub/NativeUIAuditKit/NativeUIDatasetGenerator/Templates/MapOverlaysTemplate.swift (in target 'GeneratorRunnerTests' from project 'GeneratorRunner')
    cd /Users/josephmccraw/Documents/GitHub/NativeUIAuditKit/GeneratorRunner
    

SwiftCompile normal arm64 /Users/josephmccraw/Documents/GitHub/NativeUIAuditKit/NativeUIDatasetGenerator/Templates/StepperTemplate.swift (in target 'GeneratorRunnerTests' from project 'GeneratorRunner')
    cd /Users/josephmccraw/Documents/GitHub/NativeUIAuditKit/GeneratorRunner
    

SwiftCompile normal arm64 /Users/josephmccraw/Documents/GitHub/NativeUIAuditKit/NativeUIDatasetGenerator/Templates/ProgressActivityTemplate.swift (in target 'GeneratorRunnerTests' from project 'GeneratorRunner')
    cd /Users/josephmccraw/Documents/GitHub/NativeUIAuditKit/GeneratorRunner
    

SwiftCompile normal arm64 /Users/josephmccraw/Documents/GitHub/NativeUIAuditKit/NativeUIDatasetGenerator/Templates/ColorPickerTemplate.swift (in target 'GeneratorRunnerTests' from project 'GeneratorRunner')
    cd /Users/josephmccraw/Documents/GitHub/NativeUIAuditKit/GeneratorRunner
    

SwiftCompile normal arm64 Compiling\ LoadingSkeletonTemplate.swift,\ MediaCardGridTemplate.swift,\ OnboardingPageTemplate.swift,\ PickerDateEntryTemplate.swift,\ ActionSheetTemplate.swift,\ PopoverTemplate.swift,\ RTLMirrorTemplate.swift,\ LiquidGlassNavTemplate.swift /Users/josephmccraw/Documents/GitHub/NativeUIAuditKit/NativeUIDatasetGenerator/Templates/LoadingSkeletonTemplate.swift /Users/josephmccraw/Documents/GitHub/NativeUIAuditKit/NativeUIDatasetGenerator/Templates/MediaCardGridTemplate.swift /Users/josephmccraw/Documents/GitHub/NativeUIAuditKit/NativeUIDatasetGenerator/Templates/OnboardingPageTemplate.swift /Users/josephmccraw/Documents/GitHub/NativeUIAuditKit/NativeUIDatasetGenerator/Templates/PickerDateEntryTemplate.swift /Users/josephmccraw/Documents/GitHub/NativeUIAuditKit/NativeUIDatasetGenerator/Templates/ActionSheetTemplate.swift /Users/josephmccraw/Documents/GitHub/NativeUIAuditKit/NativeUIDatasetGenerator/Templates/PopoverTemplate.swift /Users/josephmccraw/Documents/GitHub/NativeUIAuditKit/NativeUIDatasetGenerator/Templates/RTLMirrorTemplate.swift /Users/josephmccraw/Documents/GitHub/NativeUIAuditKit/NativeUIDatasetGenerator/Templates/LiquidGlassNavTemplate.swift (in target 'GeneratorRunnerTests' from project 'GeneratorRunner')

SwiftCompile normal arm64 /Users/josephmccraw/Documents/GitHub/NativeUIAuditKit/NativeUIDatasetGenerator/Templates/LoadingSkeletonTemplate.swift (in target 'GeneratorRunnerTests' from project 'GeneratorRunner')
    cd /Users/josephmccraw/Documents/GitHub/NativeUIAuditKit/GeneratorRunner
    

SwiftCompile normal arm64 /Users/josephmccraw/Documents/GitHub/NativeUIAuditKit/NativeUIDatasetGenerator/Templates/MediaCardGridTemplate.swift (in target 'GeneratorRunnerTests' from project 'GeneratorRunner')
    cd /Users/josephmccraw/Documents/GitHub/NativeUIAuditKit/GeneratorRunner
    

SwiftCompile normal arm64 /Users/josephmccraw/Documents/GitHub/NativeUIAuditKit/NativeUIDatasetGenerator/Templates/OnboardingPageTemplate.swift (in target 'GeneratorRunnerTests' from project 'GeneratorRunner')
    cd /Users/josephmccraw/Documents/GitHub/NativeUIAuditKit/GeneratorRunner
    

SwiftCompile normal arm64 /Users/josephmccraw/Documents/GitHub/NativeUIAuditKit/NativeUIDatasetGenerator/Templates/PickerDateEntryTemplate.swift (in target 'GeneratorRunnerTests' from project 'GeneratorRunner')
    cd /Users/josephmccraw/Documents/GitHub/NativeUIAuditKit/GeneratorRunner
    

SwiftCompile normal arm64 /Users/josephmccraw/Documents/GitHub/NativeUIAuditKit/NativeUIDatasetGenerator/Templates/ActionSheetTemplate.swift (in target 'GeneratorRunnerTests' from project 'GeneratorRunner')
    cd /Users/josephmccraw/Documents/GitHub/NativeUIAuditKit/GeneratorRunner
    

SwiftCompile normal arm64 /Users/josephmccraw/Documents/GitHub/NativeUIAuditKit/NativeUIDatasetGenerator/Templates/PopoverTemplate.swift (in target 'GeneratorRunnerTests' from project 'GeneratorRunner')
    cd /Users/josephmccraw/Documents/GitHub/NativeUIAuditKit/GeneratorRunner
    

SwiftCompile normal arm64 /Users/josephmccraw/Documents/GitHub/NativeUIAuditKit/NativeUIDatasetGenerator/Templates/RTLMirrorTemplate.swift (in target 'GeneratorRunnerTests' from project 'GeneratorRunner')
    cd /Users/josephmccraw/Documents/GitHub/NativeUIAuditKit/GeneratorRunner
    

SwiftCompile normal arm64 /Users/josephmccraw/Documents/GitHub/NativeUIAuditKit/NativeUIDatasetGenerator/Templates/LiquidGlassNavTemplate.swift (in target 'GeneratorRunnerTests' from project 'GeneratorRunner')
    cd /Users/josephmccraw/Documents/GitHub/NativeUIAuditKit/GeneratorRunner
    

SwiftCompile normal arm64 Compiling\ OverlappingControlsValidationTest.swift,\ DynamicTypeOverflowViewController.swift,\ DynamicTypeOverflowValidationTest.swift,\ RTLMirroringFailureViewController.swift,\ RTLMirroringFailureValidationTest.swift,\ OffScreenElementViewController.swift,\ OffScreenElementValidationTest.swift,\ OccludedElementViewController.swift /Users/josephmccraw/Documents/GitHub/NativeUIAuditKit/GeneratorRunner/GeneratorRunnerTests/KnownBad/OverlappingControlsValidationTest.swift /Users/josephmccraw/Documents/GitHub/NativeUIAuditKit/NativeUIDatasetGenerator/Templates/KnownBad/DynamicTypeOverflowViewController.swift /Users/josephmccraw/Documents/GitHub/NativeUIAuditKit/GeneratorRunner/GeneratorRunnerTests/KnownBad/DynamicTypeOverflowValidationTest.swift /Users/josephmccraw/Documents/GitHub/NativeUIAuditKit/NativeUIDatasetGenerator/Templates/KnownBad/RTLMirroringFailureViewController.swift /Users/josephmccraw/Documents/GitHub/NativeUIAuditKit/GeneratorRunner/GeneratorRunnerTests/KnownBad/RTLMirroringFailureValidationTest.swift /Users/josephmccraw/Documents/GitHub/NativeUIAuditKit/NativeUIDatasetGenerator/Templates/KnownBad/OffScreenElementViewController.swift /Users/josephmccraw/Documents/GitHub/NativeUIAuditKit/GeneratorRunner/GeneratorRunnerTests/KnownBad/OffScreenElementValidationTest.swift /Users/josephmccraw/Documents/GitHub/NativeUIAuditKit/NativeUIDatasetGenerator/Templates/KnownBad/OccludedElementViewController.swift (in target 'GeneratorRunnerTests' from project 'GeneratorRunner')

SwiftCompile normal arm64 /Users/josephmccraw/Documents/GitHub/NativeUIAuditKit/GeneratorRunner/GeneratorRunnerTests/KnownBad/OverlappingControlsValidationTest.swift (in target 'GeneratorRunnerTests' from project 'GeneratorRunner')
    cd /Users/josephmccraw/Documents/GitHub/NativeUIAuditKit/GeneratorRunner
    

SwiftCompile normal arm64 /Users/josephmccraw/Documents/GitHub/NativeUIAuditKit/NativeUIDatasetGenerator/Templates/KnownBad/DynamicTypeOverflowViewController.swift (in target 'GeneratorRunnerTests' from project 'GeneratorRunner')
    cd /Users/josephmccraw/Documents/GitHub/NativeUIAuditKit/GeneratorRunner
    

SwiftCompile normal arm64 /Users/josephmccraw/Documents/GitHub/NativeUIAuditKit/GeneratorRunner/GeneratorRunnerTests/KnownBad/DynamicTypeOverflowValidationTest.swift (in target 'GeneratorRunnerTests' from project 'GeneratorRunner')
    cd /Users/josephmccraw/Documents/GitHub/NativeUIAuditKit/GeneratorRunner
    

SwiftCompile normal arm64 /Users/josephmccraw/Documents/GitHub/NativeUIAuditKit/NativeUIDatasetGenerator/Templates/KnownBad/RTLMirroringFailureViewController.swift (in target 'GeneratorRunnerTests' from project 'GeneratorRunner')
    cd /Users/josephmccraw/Documents/GitHub/NativeUIAuditKit/GeneratorRunner
    

SwiftCompile normal arm64 /Users/josephmccraw/Documents/GitHub/NativeUIAuditKit/GeneratorRunner/GeneratorRunnerTests/KnownBad/RTLMirroringFailureValidationTest.swift (in target 'GeneratorRunnerTests' from project 'GeneratorRunner')
    cd /Users/josephmccraw/Documents/GitHub/NativeUIAuditKit/GeneratorRunner
    

SwiftCompile normal arm64 /Users/josephmccraw/Documents/GitHub/NativeUIAuditKit/NativeUIDatasetGenerator/Templates/KnownBad/OffScreenElementViewController.swift (in target 'GeneratorRunnerTests' from project 'GeneratorRunner')
    cd /Users/josephmccraw/Documents/GitHub/NativeUIAuditKit/GeneratorRunner
    
/Users/josephmccraw/Documents/GitHub/NativeUIAuditKit/NativeUIDatasetGenerator/Templates/KnownBad/OffScreenElementViewController.swift:118:17: warning: initialization of immutable value 'isOccluded' was never used; consider replacing with assignment to '_' or removing it
            let isOccluded = visibleFraction < 0.99
            ~~~~^~~~~~~~~~
            _
/Users/josephmccraw/Documents/GitHub/NativeUIAuditKit/NativeUIDatasetGenerator/Templates/KnownBad/OffScreenElementViewController.swift:151:13: warning: initialization of variable 'rng' was never used; consider replacing with assignment to '_' or removing it
        var rng = SeededRNG(seed: seed)
        ~~~~^~~
        _

SwiftCompile normal arm64 /Users/josephmccraw/Documents/GitHub/NativeUIAuditKit/GeneratorRunner/GeneratorRunnerTests/KnownBad/OffScreenElementValidationTest.swift (in target 'GeneratorRunnerTests' from project 'GeneratorRunner')
    cd /Users/josephmccraw/Documents/GitHub/NativeUIAuditKit/GeneratorRunner
    
/Users/josephmccraw/Documents/GitHub/NativeUIAuditKit/GeneratorRunner/GeneratorRunnerTests/KnownBad/OffScreenElementValidationTest.swift:74:13: warning: initialization of immutable value 'canvas' was never used; consider replacing with assignment to '_' or removing it
        let canvas = CGRect(origin: .zero, size: CGSize(
        ~~~~^~~~~~
        _

SwiftCompile normal arm64 /Users/josephmccraw/Documents/GitHub/NativeUIAuditKit/NativeUIDatasetGenerator/Templates/KnownBad/OccludedElementViewController.swift (in target 'GeneratorRunnerTests' from project 'GeneratorRunner')
    cd /Users/josephmccraw/Documents/GitHub/NativeUIAuditKit/GeneratorRunner
    

SwiftCompile normal arm64 Compiling\ GenerateDatasetTests.swift,\ KitchenSinkValidationTest.swift,\ DatasetQualityAuditTests.swift,\ AnalyticsDashboardTemplate.swift,\ GeneralizationHoldoutTest.swift,\ UIKitCoordTests.swift,\ YOLOBenchmarkTests.swift,\ UIKitGeneratorViewController.swift /Users/josephmccraw/Documents/GitHub/NativeUIAuditKit/GeneratorRunner/GeneratorRunnerTests/GenerateDatasetTests.swift /Users/josephmccraw/Documents/GitHub/NativeUIAuditKit/GeneratorRunner/GeneratorRunnerTests/KitchenSinkValidationTest.swift /Users/josephmccraw/Documents/GitHub/NativeUIAuditKit/GeneratorRunner/GeneratorRunnerTests/DatasetQualityAuditTests.swift /Users/josephmccraw/Documents/GitHub/NativeUIAuditKit/NativeUIDatasetGenerator/Templates/AnalyticsDashboardTemplate.swift /Users/josephmccraw/Documents/GitHub/NativeUIAuditKit/GeneratorRunner/GeneratorRunnerTests/GeneralizationHoldoutTest.swift /Users/josephmccraw/Documents/GitHub/NativeUIAuditKit/GeneratorRunner/GeneratorRunnerTests/UIKitCoordTests.swift /Users/josephmccraw/Documents/GitHub/NativeUIAuditKit/GeneratorRunner/GeneratorRunnerTests/YOLOBenchmarkTests.swift /Users/josephmccraw/Documents/GitHub/NativeUIAuditKit/NativeUIDatasetGenerator/Templates/UIKitGeneratorViewController.swift (in target 'GeneratorRunnerTests' from project 'GeneratorRunner')
SwiftCompile normal arm64 /Users/josephmccraw/Documents/GitHub/NativeUIAuditKit/GeneratorRunner/GeneratorRunnerTests/GenerateDatasetTests.swift (in target 'GeneratorRunnerTests' from project 'GeneratorRunner')
    cd /Users/josephmccraw/Documents/GitHub/NativeUIAuditKit/GeneratorRunner
    

SwiftCompile normal arm64 /Users/josephmccraw/Documents/GitHub/NativeUIAuditKit/GeneratorRunner/GeneratorRunnerTests/KitchenSinkValidationTest.swift (in target 'GeneratorRunnerTests' from project 'GeneratorRunner')
    cd /Users/josephmccraw/Documents/GitHub/NativeUIAuditKit/GeneratorRunner
    
/Users/josephmccraw/Documents/GitHub/NativeUIAuditKit/GeneratorRunner/GeneratorRunnerTests/KitchenSinkValidationTest.swift:76:13: warning: initialization of immutable value 'capturedIDs' was never used; consider replacing with assignment to '_' or removing it
        let capturedIDs   = Set(result.elements.map { $0.id })
        ~~~~^~~~~~~~~~~
        _

SwiftCompile normal arm64 /Users/josephmccraw/Documents/GitHub/NativeUIAuditKit/GeneratorRunner/GeneratorRunnerTests/DatasetQualityAuditTests.swift (in target 'GeneratorRunnerTests' from project 'GeneratorRunner')
    cd /Users/josephmccraw/Documents/GitHub/NativeUIAuditKit/GeneratorRunner
    
/Users/josephmccraw/Documents/GitHub/NativeUIAuditKit/GeneratorRunner/GeneratorRunnerTests/DatasetQualityAuditTests.swift:196:13: warning: variable 'unknownSplits' was never mutated; consider changing to 'let' constant
        var unknownSplits: [String] = []
        ~~~ ^
        let

SwiftCompile normal arm64 /Users/josephmccraw/Documents/GitHub/NativeUIAuditKit/NativeUIDatasetGenerator/Templates/AnalyticsDashboardTemplate.swift (in target 'GeneratorRunnerTests' from project 'GeneratorRunner')
    cd /Users/josephmccraw/Documents/GitHub/NativeUIAuditKit/GeneratorRunner
    

SwiftCompile normal arm64 /Users/josephmccraw/Documents/GitHub/NativeUIAuditKit/GeneratorRunner/GeneratorRunnerTests/GeneralizationHoldoutTest.swift (in target 'GeneratorRunnerTests' from project 'GeneratorRunner')
    cd /Users/josephmccraw/Documents/GitHub/NativeUIAuditKit/GeneratorRunner
    

SwiftCompile normal arm64 /Users/josephmccraw/Documents/GitHub/NativeUIAuditKit/GeneratorRunner/GeneratorRunnerTests/UIKitCoordTests.swift (in target 'GeneratorRunnerTests' from project 'GeneratorRunner')
    cd /Users/josephmccraw/Documents/GitHub/NativeUIAuditKit/GeneratorRunner
    

SwiftCompile normal arm64 /Users/josephmccraw/Documents/GitHub/NativeUIAuditKit/GeneratorRunner/GeneratorRunnerTests/YOLOBenchmarkTests.swift (in target 'GeneratorRunnerTests' from project 'GeneratorRunner')
    cd /Users/josephmccraw/Documents/GitHub/NativeUIAuditKit/GeneratorRunner
    

SwiftCompile normal arm64 /Users/josephmccraw/Documents/GitHub/NativeUIAuditKit/NativeUIDatasetGenerator/Templates/UIKitGeneratorViewController.swift (in target 'GeneratorRunnerTests' from project 'GeneratorRunner')
    cd /Users/josephmccraw/Documents/GitHub/NativeUIAuditKit/GeneratorRunner
    

SwiftCompile normal arm64 Compiling\ UIKitGeneratorValidationTest.swift,\ TruncatedLabelViewController.swift,\ TruncatedLabelValidationTest.swift,\ ClippedContentViewController.swift,\ ClippedContentValidationTest.swift,\ SmallHitTargetViewController.swift,\ SmallHitTargetValidationTest.swift,\ OverlappingControlsViewController.swift /Users/josephmccraw/Documents/GitHub/NativeUIAuditKit/GeneratorRunner/GeneratorRunnerTests/UIKitGeneratorValidationTest.swift /Users/josephmccraw/Documents/GitHub/NativeUIAuditKit/NativeUIDatasetGenerator/Templates/KnownBad/TruncatedLabelViewController.swift /Users/josephmccraw/Documents/GitHub/NativeUIAuditKit/GeneratorRunner/GeneratorRunnerTests/KnownBad/TruncatedLabelValidationTest.swift /Users/josephmccraw/Documents/GitHub/NativeUIAuditKit/NativeUIDatasetGenerator/Templates/KnownBad/ClippedContentViewController.swift /Users/josephmccraw/Documents/GitHub/NativeUIAuditKit/GeneratorRunner/GeneratorRunnerTests/KnownBad/ClippedContentValidationTest.swift /Users/josephmccraw/Documents/GitHub/NativeUIAuditKit/NativeUIDatasetGenerator/Templates/KnownBad/SmallHitTargetViewController.swift /Users/josephmccraw/Documents/GitHub/NativeUIAuditKit/GeneratorRunner/GeneratorRunnerTests/KnownBad/SmallHitTargetValidationTest.swift /Users/josephmccraw/Documents/GitHub/NativeUIAuditKit/NativeUIDatasetGenerator/Templates/KnownBad/OverlappingControlsViewController.swift (in target 'GeneratorRunnerTests' from project 'GeneratorRunner')

SwiftCompile normal arm64 /Users/josephmccraw/Documents/GitHub/NativeUIAuditKit/GeneratorRunner/GeneratorRunnerTests/UIKitGeneratorValidationTest.swift (in target 'GeneratorRunnerTests' from project 'GeneratorRunner')
    cd /Users/josephmccraw/Documents/GitHub/NativeUIAuditKit/GeneratorRunner
    

SwiftCompile normal arm64 /Users/josephmccraw/Documents/GitHub/NativeUIAuditKit/NativeUIDatasetGenerator/Templates/KnownBad/TruncatedLabelViewController.swift (in target 'GeneratorRunnerTests' from project 'GeneratorRunner')
    cd /Users/josephmccraw/Documents/GitHub/NativeUIAuditKit/GeneratorRunner
    

SwiftCompile normal arm64 /Users/josephmccraw/Documents/GitHub/NativeUIAuditKit/GeneratorRunner/GeneratorRunnerTests/KnownBad/TruncatedLabelValidationTest.swift (in target 'GeneratorRunnerTests' from project 'GeneratorRunner')
    cd /Users/josephmccraw/Documents/GitHub/NativeUIAuditKit/GeneratorRunner
    

SwiftCompile normal arm64 /Users/josephmccraw/Documents/GitHub/NativeUIAuditKit/NativeUIDatasetGenerator/Templates/KnownBad/ClippedContentViewController.swift (in target 'GeneratorRunnerTests' from project 'GeneratorRunner')
    cd /Users/josephmccraw/Documents/GitHub/NativeUIAuditKit/GeneratorRunner
    

SwiftCompile normal arm64 /Users/josephmccraw/Documents/GitHub/NativeUIAuditKit/GeneratorRunner/GeneratorRunnerTests/KnownBad/ClippedContentValidationTest.swift (in target 'GeneratorRunnerTests' from project 'GeneratorRunner')
    cd /Users/josephmccraw/Documents/GitHub/NativeUIAuditKit/GeneratorRunner
    

SwiftCompile normal arm64 /Users/josephmccraw/Documents/GitHub/NativeUIAuditKit/NativeUIDatasetGenerator/Templates/KnownBad/SmallHitTargetViewController.swift (in target 'GeneratorRunnerTests' from project 'GeneratorRunner')
    cd /Users/josephmccraw/Documents/GitHub/NativeUIAuditKit/GeneratorRunner
    

SwiftCompile normal arm64 /Users/josephmccraw/Documents/GitHub/NativeUIAuditKit/GeneratorRunner/GeneratorRunnerTests/KnownBad/SmallHitTargetValidationTest.swift (in target 'GeneratorRunnerTests' from project 'GeneratorRunner')
    cd /Users/josephmccraw/Documents/GitHub/NativeUIAuditKit/GeneratorRunner
    

SwiftCompile normal arm64 /Users/josephmccraw/Documents/GitHub/NativeUIAuditKit/NativeUIDatasetGenerator/Templates/KnownBad/OverlappingControlsViewController.swift (in target 'GeneratorRunnerTests' from project 'GeneratorRunner')
    cd /Users/josephmccraw/Documents/GitHub/NativeUIAuditKit/GeneratorRunner
    

SwiftCompile normal arm64 Compiling\ OccludedElementValidationTest.swift,\ HardNegativeViewController.swift,\ HardNegativeValidationTest.swift,\ TabViewNavigationTemplate.swift,\ SheetTemplate.swift,\ SearchResultsTemplate.swift,\ FormValidationTemplate.swift,\ EmptyStateTemplate.swift /Users/josephmccraw/Documents/GitHub/NativeUIAuditKit/GeneratorRunner/GeneratorRunnerTests/KnownBad/OccludedElementValidationTest.swift /Users/josephmccraw/Documents/GitHub/NativeUIAuditKit/NativeUIDatasetGenerator/Templates/KnownBad/HardNegativeViewController.swift /Users/josephmccraw/Documents/GitHub/NativeUIAuditKit/GeneratorRunner/GeneratorRunnerTests/KnownBad/HardNegativeValidationTest.swift /Users/josephmccraw/Documents/GitHub/NativeUIAuditKit/NativeUIDatasetGenerator/Templates/TabViewNavigationTemplate.swift /Users/josephmccraw/Documents/GitHub/NativeUIAuditKit/NativeUIDatasetGenerator/Templates/SheetTemplate.swift /Users/josephmccraw/Documents/GitHub/NativeUIAuditKit/NativeUIDatasetGenerator/Templates/SearchResultsTemplate.swift /Users/josephmccraw/Documents/GitHub/NativeUIAuditKit/NativeUIDatasetGenerator/Templates/FormValidationTemplate.swift /Users/josephmccraw/Documents/GitHub/NativeUIAuditKit/NativeUIDatasetGenerator/Templates/EmptyStateTemplate.swift (in target 'GeneratorRunnerTests' from project 'GeneratorRunner')

SwiftCompile normal arm64 /Users/josephmccraw/Documents/GitHub/NativeUIAuditKit/GeneratorRunner/GeneratorRunnerTests/KnownBad/OccludedElementValidationTest.swift (in target 'GeneratorRunnerTests' from project 'GeneratorRunner')
    cd /Users/josephmccraw/Documents/GitHub/NativeUIAuditKit/GeneratorRunner
    

SwiftCompile normal arm64 /Users/josephmccraw/Documents/GitHub/NativeUIAuditKit/NativeUIDatasetGenerator/Templates/KnownBad/HardNegativeViewController.swift (in target 'GeneratorRunnerTests' from project 'GeneratorRunner')
    cd /Users/josephmccraw/Documents/GitHub/NativeUIAuditKit/GeneratorRunner
    

SwiftCompile normal arm64 /Users/josephmccraw/Documents/GitHub/NativeUIAuditKit/GeneratorRunner/GeneratorRunnerTests/KnownBad/HardNegativeValidationTest.swift (in target 'GeneratorRunnerTests' from project 'GeneratorRunner')
    cd /Users/josephmccraw/Documents/GitHub/NativeUIAuditKit/GeneratorRunner
    

SwiftCompile normal arm64 /Users/josephmccraw/Documents/GitHub/NativeUIAuditKit/NativeUIDatasetGenerator/Templates/TabViewNavigationTemplate.swift (in target 'GeneratorRunnerTests' from project 'GeneratorRunner')
    cd /Users/josephmccraw/Documents/GitHub/NativeUIAuditKit/GeneratorRunner
    

SwiftCompile normal arm64 /Users/josephmccraw/Documents/GitHub/NativeUIAuditKit/NativeUIDatasetGenerator/Templates/SheetTemplate.swift (in target 'GeneratorRunnerTests' from project 'GeneratorRunner')
    cd /Users/josephmccraw/Documents/GitHub/NativeUIAuditKit/GeneratorRunner
    

SwiftCompile normal arm64 /Users/josephmccraw/Documents/GitHub/NativeUIAuditKit/NativeUIDatasetGenerator/Templates/SearchResultsTemplate.swift (in target 'GeneratorRunnerTests' from project 'GeneratorRunner')
    cd /Users/josephmccraw/Documents/GitHub/NativeUIAuditKit/GeneratorRunner
    

SwiftCompile normal arm64 /Users/josephmccraw/Documents/GitHub/NativeUIAuditKit/NativeUIDatasetGenerator/Templates/FormValidationTemplate.swift (in target 'GeneratorRunnerTests' from project 'GeneratorRunner')
    cd /Users/josephmccraw/Documents/GitHub/NativeUIAuditKit/GeneratorRunner
    

SwiftCompile normal arm64 /Users/josephmccraw/Documents/GitHub/NativeUIAuditKit/NativeUIDatasetGenerator/Templates/EmptyStateTemplate.swift (in target 'GeneratorRunnerTests' from project 'GeneratorRunner')
    cd /Users/josephmccraw/Documents/GitHub/NativeUIAuditKit/GeneratorRunner
    

SwiftDriverJobDiscovery normal arm64 Compiling AppDelegate.swift (in target 'GeneratorRunner' from project 'GeneratorRunner')

SwiftCompile normal arm64 Compiling\ SettingsListTemplate.swift,\ AlertTemplate.swift,\ KitchenSinkTemplate.swift,\ BoundingBoxDebugRenderer.swift,\ UIKitCaptureSupport.swift,\ UIKitFormViewController.swift,\ UIKitListViewController.swift,\ UIKitControlsViewController.swift,\ UIKitToggleFormViewController.swift /Users/josephmccraw/Documents/GitHub/NativeUIAuditKit/NativeUIDatasetGenerator/Templates/SettingsListTemplate.swift /Users/josephmccraw/Documents/GitHub/NativeUIAuditKit/NativeUIDatasetGenerator/Templates/AlertTemplate.swift /Users/josephmccraw/Documents/GitHub/NativeUIAuditKit/NativeUIDatasetGenerator/Templates/KitchenSinkTemplate.swift /Users/josephmccraw/Documents/GitHub/NativeUIAuditKit/NativeUIDatasetGenerator/Templates/BoundingBoxDebugRenderer.swift /Users/josephmccraw/Documents/GitHub/NativeUIAuditKit/NativeUIDatasetGenerator/Templates/UIKitCaptureSupport.swift /Users/josephmccraw/Documents/GitHub/NativeUIAuditKit/NativeUIDatasetGenerator/Templates/UIKitFormViewController.swift /Users/josephmccraw/Documents/GitHub/NativeUIAuditKit/NativeUIDatasetGenerator/Templates/UIKitListViewController.swift /Users/josephmccraw/Documents/GitHub/NativeUIAuditKit/NativeUIDatasetGenerator/Templates/UIKitControlsViewController.swift /Users/josephmccraw/Documents/GitHub/NativeUIAuditKit/NativeUIDatasetGenerator/Templates/UIKitToggleFormViewController.swift (in target 'GeneratorRunnerTests' from project 'GeneratorRunner')

SwiftCompile normal arm64 /Users/josephmccraw/Documents/GitHub/NativeUIAuditKit/NativeUIDatasetGenerator/Templates/SettingsListTemplate.swift (in target 'GeneratorRunnerTests' from project 'GeneratorRunner')
    cd /Users/josephmccraw/Documents/GitHub/NativeUIAuditKit/GeneratorRunner
    

SwiftCompile normal arm64 /Users/josephmccraw/Documents/GitHub/NativeUIAuditKit/NativeUIDatasetGenerator/Templates/AlertTemplate.swift (in target 'GeneratorRunnerTests' from project 'GeneratorRunner')
    cd /Users/josephmccraw/Documents/GitHub/NativeUIAuditKit/GeneratorRunner
    

SwiftCompile normal arm64 /Users/josephmccraw/Documents/GitHub/NativeUIAuditKit/NativeUIDatasetGenerator/Templates/KitchenSinkTemplate.swift (in target 'GeneratorRunnerTests' from project 'GeneratorRunner')
    cd /Users/josephmccraw/Documents/GitHub/NativeUIAuditKit/GeneratorRunner
    

SwiftCompile normal arm64 /Users/josephmccraw/Documents/GitHub/NativeUIAuditKit/NativeUIDatasetGenerator/Templates/BoundingBoxDebugRenderer.swift (in target 'GeneratorRunnerTests' from project 'GeneratorRunner')
    cd /Users/josephmccraw/Documents/GitHub/NativeUIAuditKit/GeneratorRunner
    

SwiftCompile normal arm64 /Users/josephmccraw/Documents/GitHub/NativeUIAuditKit/NativeUIDatasetGenerator/Templates/UIKitCaptureSupport.swift (in target 'GeneratorRunnerTests' from project 'GeneratorRunner')
    cd /Users/josephmccraw/Documents/GitHub/NativeUIAuditKit/GeneratorRunner
    

SwiftCompile normal arm64 /Users/josephmccraw/Documents/GitHub/NativeUIAuditKit/NativeUIDatasetGenerator/Templates/UIKitFormViewController.swift (in target 'GeneratorRunnerTests' from project 'GeneratorRunner')
    cd /Users/josephmccraw/Documents/GitHub/NativeUIAuditKit/GeneratorRunner
    

SwiftCompile normal arm64 /Users/josephmccraw/Documents/GitHub/NativeUIAuditKit/NativeUIDatasetGenerator/Templates/UIKitListViewController.swift (in target 'GeneratorRunnerTests' from project 'GeneratorRunner')
    cd /Users/josephmccraw/Documents/GitHub/NativeUIAuditKit/GeneratorRunner
    

SwiftCompile normal arm64 /Users/josephmccraw/Documents/GitHub/NativeUIAuditKit/NativeUIDatasetGenerator/Templates/UIKitControlsViewController.swift (in target 'GeneratorRunnerTests' from project 'GeneratorRunner')
    cd /Users/josephmccraw/Documents/GitHub/NativeUIAuditKit/GeneratorRunner
    

SwiftCompile normal arm64 /Users/josephmccraw/Documents/GitHub/NativeUIAuditKit/NativeUIDatasetGenerator/Templates/UIKitToggleFormViewController.swift (in target 'GeneratorRunnerTests' from project 'GeneratorRunner')
    cd /Users/josephmccraw/Documents/GitHub/NativeUIAuditKit/GeneratorRunner
    

SwiftDriverJobDiscovery normal arm64 Emitting module for GeneratorRunnerTests (in target 'GeneratorRunnerTests' from project 'GeneratorRunner')

SwiftDriver\ Compilation\ Requirements GeneratorRunnerTests normal arm64 com.apple.xcode.tools.swift.compiler (in target 'GeneratorRunnerTests' from project 'GeneratorRunner')
    cd /Users/josephmccraw/Documents/GitHub/NativeUIAuditKit/GeneratorRunner
    builtin-Swift-Compilation-Requirements -- /Applications/Xcode.app/Contents/Developer/Toolchains/XcodeDefault.xctoolchain/usr/bin/swiftc -module-name GeneratorRunnerTests -Onone @/Users/josephmccraw/Documents/GitHub/NativeUIAuditKit/.build/xcode-dd/Build/Intermediates.noindex/GeneratorRunner.build/Debug-iphonesimulator/GeneratorRunnerTests.build/Objects-normal/arm64/GeneratorRunnerTests.SwiftFileList -DDEBUG -plugin-path /Applications/Xcode.app/Contents/Developer/Toolchains/XcodeDefault.xctoolchain/usr/lib/swift/host/plugins/testing -enable-experimental-feature DebugDescriptionMacro -sdk /Applications/Xcode.app/Contents/Developer/Platforms/iPhoneSimulator.platform/Developer/SDKs/iPhoneSimulator26.5.sdk -target arm64-apple-ios17.0-simulator -g -module-cache-path /Users/josephmccraw/Documents/GitHub/NativeUIAuditKit/.build/xcode-dd/ModuleCache.noindex -Xfrontend -serialize-debugging-options -enable-testing -index-store-path /Users/josephmccraw/Documents/GitHub/NativeUIAuditKit/.build/xcode-dd/Index.noindex/DataStore -Xcc -D_LIBCPP_HARDENING_MODE\=_LIBCPP_HARDENING_MODE_DEBUG -swift-version 6 -I /Users/josephmccraw/Documents/GitHub/NativeUIAuditKit/.build/xcode-dd/Build/Products/Debug-iphonesimulator -Isystem /Applications/Xcode.app/Contents/Developer/Platforms/iPhoneSimulator.platform/Developer/usr/lib -F /Users/josephmccraw/Documents/GitHub/NativeUIAuditKit/.build/xcode-dd/Build/Products/Debug-iphonesimulator -F /Applications/Xcode.app/Contents/Developer/Platforms/iPhoneSimulator.platform/Developer/Library/Frameworks -F /Applications/Xcode.app/Contents/Developer/Platforms/iPhoneSimulator.platform/Developer/SDKs/iPhoneSimulator26.5.sdk/Developer/Library/Frameworks -c -j10 -enable-batch-mode -incremental -Xcc -ivfsstatcache -Xcc /Users/josephmccraw/Documents/GitHub/NativeUIAuditKit/.build/xcode-dd/SDKStatCaches.noindex/iphonesimulator26.5-23F81a-6cfe768891a92b912361537c460fe42b.sdkstatcache -output-file-map /Users/josephmccraw/Documents/GitHub/NativeUIAuditKit/.build/xcode-dd/Build/Intermediates.noindex/GeneratorRunner.build/Debug-iphonesimulator/GeneratorRunnerTests.build/Objects-normal/arm64/GeneratorRunnerTests-OutputFileMap.json -use-frontend-parseable-output -save-temps -no-color-diagnostics -explicit-module-build -module-cache-path /Users/josephmccraw/Documents/GitHub/NativeUIAuditKit/.build/xcode-dd/Build/Intermediates.noindex/SwiftExplicitPrecompiledModules -clang-scanner-module-cache-path /Users/josephmccraw/Documents/GitHub/NativeUIAuditKit/.build/xcode-dd/ModuleCache.noindex -sdk-module-cache-path /Users/josephmccraw/Documents/GitHub/NativeUIAuditKit/.build/xcode-dd/ModuleCache.noindex -serialize-diagnostics -emit-dependencies -emit-module -emit-module-path /Users/josephmccraw/Documents/GitHub/NativeUIAuditKit/.build/xcode-dd/Build/Intermediates.noindex/GeneratorRunner.build/Debug-iphonesimulator/GeneratorRunnerTests.build/Objects-normal/arm64/GeneratorRunnerTests.swiftmodule -validate-clang-modules-once -clang-build-session-file /Users/josephmccraw/Documents/GitHub/NativeUIAuditKit/.build/xcode-dd/ModuleCache.noindex/Session.modulevalidation -Xcc -I/Users/josephmccraw/Documents/GitHub/NativeUIAuditKit/.build/xcode-dd/Build/Intermediates.noindex/GeneratorRunner.build/Debug-iphonesimulator/GeneratorRunnerTests.build/swift-overrides.hmap -emit-const-values -Xfrontend -const-gather-protocols-file -Xfrontend /Users/josephmccraw/Documents/GitHub/NativeUIAuditKit/.build/xcode-dd/Build/Intermediates.noindex/GeneratorRunner.build/Debug-iphonesimulator/GeneratorRunnerTests.build/Objects-normal/arm64/GeneratorRunnerTests_const_extract_protocols.json -Xcc -iquote -Xcc /Users/josephmccraw/Documents/GitHub/NativeUIAuditKit/.build/xcode-dd/Build/Intermediates.noindex/GeneratorRunner.build/Debug-iphonesimulator/GeneratorRunnerTests.build/GeneratorRunnerTests-generated-files.hmap -Xcc -I/Users/josephmccraw/Documents/GitHub/NativeUIAuditKit/.build/xcode-dd/Build/Intermediates.noindex/GeneratorRunner.build/Debug-iphonesimulator/GeneratorRunnerTests.build/GeneratorRunnerTests-own-target-headers.hmap -Xcc -I/Users/josephmccraw/Documents/GitHub/NativeUIAuditKit/.build/xcode-dd/Build/Intermediates.noindex/GeneratorRunner.build/Debug-iphonesimulator/GeneratorRunnerTests.build/GeneratorRunnerTests-all-target-headers.hmap -Xcc -iquote -Xcc /Users/josephmccraw/Documents/GitHub/NativeUIAuditKit/.build/xcode-dd/Build/Intermediates.noindex/GeneratorRunner.build/Debug-iphonesimulator/GeneratorRunnerTests.build/GeneratorRunnerTests-project-headers.hmap -Xcc -I/Users/josephmccraw/Documents/GitHub/NativeUIAuditKit/.build/xcode-dd/Build/Products/Debug-iphonesimulator/include -Xcc -I/Users/josephmccraw/Documents/GitHub/NativeUIAuditKit/.build/xcode-dd/Build/Intermediates.noindex/GeneratorRunner.build/Debug-iphonesimulator/GeneratorRunnerTests.build/DerivedSources-normal/arm64 -Xcc -I/Users/josephmccraw/Documents/GitHub/NativeUIAuditKit/.build/xcode-dd/Build/Intermediates.noindex/GeneratorRunner.build/Debug-iphonesimulator/GeneratorRunnerTests.build/DerivedSources/arm64 -Xcc -I/Users/josephmccraw/Documents/GitHub/NativeUIAuditKit/.build/xcode-dd/Build/Intermediates.noindex/GeneratorRunner.build/Debug-iphonesimulator/GeneratorRunnerTests.build/DerivedSources -Xcc -DDEBUG\=1 -emit-objc-header -emit-objc-header-path /Users/josephmccraw/Documents/GitHub/NativeUIAuditKit/.build/xcode-dd/Build/Intermediates.noindex/GeneratorRunner.build/Debug-iphonesimulator/GeneratorRunnerTests.build/Objects-normal/arm64/GeneratorRunnerTests-Swift.h -working-directory /Users/josephmccraw/Documents/GitHub/NativeUIAuditKit/GeneratorRunner -experimental-emit-module-separately -disable-cmo

SwiftDriverJobDiscovery normal arm64 Compiling OverlappingControlsValidationTest.swift, DynamicTypeOverflowViewController.swift, DynamicTypeOverflowValidationTest.swift, RTLMirroringFailureViewController.swift, RTLMirroringFailureValidationTest.swift, OffScreenElementViewController.swift, OffScreenElementValidationTest.swift, OccludedElementViewController.swift (in target 'GeneratorRunnerTests' from project 'GeneratorRunner')

SwiftDriver\ Compilation GeneratorRunner normal arm64 com.apple.xcode.tools.swift.compiler (in target 'GeneratorRunner' from project 'GeneratorRunner')
    cd /Users/josephmccraw/Documents/GitHub/NativeUIAuditKit/GeneratorRunner
    builtin-Swift-Compilation -- /Applications/Xcode.app/Contents/Developer/Toolchains/XcodeDefault.xctoolchain/usr/bin/swiftc -module-name GeneratorRunner -Onone @/Users/josephmccraw/Documents/GitHub/NativeUIAuditKit/.build/xcode-dd/Build/Intermediates.noindex/GeneratorRunner.build/Debug-iphonesimulator/GeneratorRunner.build/Objects-normal/arm64/GeneratorRunner.SwiftFileList -DDEBUG -enable-experimental-feature DebugDescriptionMacro -sdk /Applications/Xcode.app/Contents/Developer/Platforms/iPhoneSimulator.platform/Developer/SDKs/iPhoneSimulator26.5.sdk -target arm64-apple-ios17.0-simulator -g -module-cache-path /Users/josephmccraw/Documents/GitHub/NativeUIAuditKit/.build/xcode-dd/ModuleCache.noindex -Xfrontend -serialize-debugging-options -enable-testing -index-store-path /Users/josephmccraw/Documents/GitHub/NativeUIAuditKit/.build/xcode-dd/Index.noindex/DataStore -Xcc -D_LIBCPP_HARDENING_MODE\=_LIBCPP_HARDENING_MODE_DEBUG -swift-version 6 -I /Users/josephmccraw/Documents/GitHub/NativeUIAuditKit/.build/xcode-dd/Build/Products/Debug-iphonesimulator -F /Users/josephmccraw/Documents/GitHub/NativeUIAuditKit/.build/xcode-dd/Build/Products/Debug-iphonesimulator -parse-as-library -c -j10 -enable-batch-mode -incremental -Xcc -ivfsstatcache -Xcc /Users/josephmccraw/Documents/GitHub/NativeUIAuditKit/.build/xcode-dd/SDKStatCaches.noindex/iphonesimulator26.5-23F81a-6cfe768891a92b912361537c460fe42b.sdkstatcache -output-file-map /Users/josephmccraw/Documents/GitHub/NativeUIAuditKit/.build/xcode-dd/Build/Intermediates.noindex/GeneratorRunner.build/Debug-iphonesimulator/GeneratorRunner.build/Objects-normal/arm64/GeneratorRunner-OutputFileMap.json -use-frontend-parseable-output -save-temps -no-color-diagnostics -explicit-module-build -module-cache-path /Users/josephmccraw/Documents/GitHub/NativeUIAuditKit/.build/xcode-dd/Build/Intermediates.noindex/SwiftExplicitPrecompiledModules -clang-scanner-module-cache-path /Users/josephmccraw/Documents/GitHub/NativeUIAuditKit/.build/xcode-dd/ModuleCache.noindex -sdk-module-cache-path /Users/josephmccraw/Documents/GitHub/NativeUIAuditKit/.build/xcode-dd/ModuleCache.noindex -serialize-diagnostics -emit-dependencies -emit-module -emit-module-path /Users/josephmccraw/Documents/GitHub/NativeUIAuditKit/.build/xcode-dd/Build/Intermediates.noindex/GeneratorRunner.build/Debug-iphonesimulator/GeneratorRunner.build/Objects-normal/arm64/GeneratorRunner.swiftmodule -validate-clang-modules-once -clang-build-session-file /Users/josephmccraw/Documents/GitHub/NativeUIAuditKit/.build/xcode-dd/ModuleCache.noindex/Session.modulevalidation -Xcc -I/Users/josephmccraw/Documents/GitHub/NativeUIAuditKit/.build/xcode-dd/Build/Intermediates.noindex/GeneratorRunner.build/Debug-iphonesimulator/GeneratorRunner.build/swift-overrides.hmap -emit-const-values -Xfrontend -const-gather-protocols-file -Xfrontend /Users/josephmccraw/Documents/GitHub/NativeUIAuditKit/.build/xcode-dd/Build/Intermediates.noindex/GeneratorRunner.build/Debug-iphonesimulator/GeneratorRunner.build/Objects-normal/arm64/GeneratorRunner_const_extract_protocols.json -Xcc -iquote -Xcc /Users/josephmccraw/Documents/GitHub/NativeUIAuditKit/.build/xcode-dd/Build/Intermediates.noindex/GeneratorRunner.build/Debug-iphonesimulator/GeneratorRunner.build/GeneratorRunner-generated-files.hmap -Xcc -I/Users/josephmccraw/Documents/GitHub/NativeUIAuditKit/.build/xcode-dd/Build/Intermediates.noindex/GeneratorRunner.build/Debug-iphonesimulator/GeneratorRunner.build/GeneratorRunner-own-target-headers.hmap -Xcc -I/Users/josephmccraw/Documents/GitHub/NativeUIAuditKit/.build/xcode-dd/Build/Intermediates.noindex/GeneratorRunner.build/Debug-iphonesimulator/GeneratorRunner.build/GeneratorRunner-all-target-headers.hmap -Xcc -iquote -Xcc /Users/josephmccraw/Documents/GitHub/NativeUIAuditKit/.build/xcode-dd/Build/Intermediates.noindex/GeneratorRunner.build/Debug-iphonesimulator/GeneratorRunner.build/GeneratorRunner-project-headers.hmap -Xcc -I/Users/josephmccraw/Documents/GitHub/NativeUIAuditKit/.build/xcode-dd/Build/Products/Debug-iphonesimulator/include -Xcc -I/Users/josephmccraw/Documents/GitHub/NativeUIAuditKit/.build/xcode-dd/Build/Intermediates.noindex/GeneratorRunner.build/Debug-iphonesimulator/GeneratorRunner.build/DerivedSources-normal/arm64 -Xcc -I/Users/josephmccraw/Documents/GitHub/NativeUIAuditKit/.build/xcode-dd/Build/Intermediates.noindex/GeneratorRunner.build/Debug-iphonesimulator/GeneratorRunner.build/DerivedSources/arm64 -Xcc -I/Users/josephmccraw/Documents/GitHub/NativeUIAuditKit/.build/xcode-dd/Build/Intermediates.noindex/GeneratorRunner.build/Debug-iphonesimulator/GeneratorRunner.build/DerivedSources -Xcc -DDEBUG\=1 -emit-objc-header -emit-objc-header-path /Users/josephmccraw/Documents/GitHub/NativeUIAuditKit/.build/xcode-dd/Build/Intermediates.noindex/GeneratorRunner.build/Debug-iphonesimulator/GeneratorRunner.build/Objects-normal/arm64/GeneratorRunner-Swift.h -working-directory /Users/josephmccraw/Documents/GitHub/NativeUIAuditKit/GeneratorRunner -experimental-emit-module-separately -disable-cmo

SwiftMergeGeneratedHeaders /Users/josephmccraw/Documents/GitHub/NativeUIAuditKit/.build/xcode-dd/Build/Intermediates.noindex/GeneratorRunner.build/Debug-iphonesimulator/GeneratorRunnerTests.build/DerivedSources/GeneratorRunnerTests-Swift.h /Users/josephmccraw/Documents/GitHub/NativeUIAuditKit/.build/xcode-dd/Build/Intermediates.noindex/GeneratorRunner.build/Debug-iphonesimulator/GeneratorRunnerTests.build/Objects-normal/arm64/GeneratorRunnerTests-Swift.h (in target 'GeneratorRunnerTests' from project 'GeneratorRunner')
    cd /Users/josephmccraw/Documents/GitHub/NativeUIAuditKit/GeneratorRunner
    builtin-swiftHeaderTool -arch arm64 /Users/josephmccraw/Documents/GitHub/NativeUIAuditKit/.build/xcode-dd/Build/Intermediates.noindex/GeneratorRunner.build/Debug-iphonesimulator/GeneratorRunnerTests.build/Objects-normal/arm64/GeneratorRunnerTests-Swift.h -o /Users/josephmccraw/Documents/GitHub/NativeUIAuditKit/.build/xcode-dd/Build/Intermediates.noindex/GeneratorRunner.build/Debug-iphonesimulator/GeneratorRunnerTests.build/DerivedSources/GeneratorRunnerTests-Swift.h

Copy /Users/josephmccraw/Documents/GitHub/NativeUIAuditKit/.build/xcode-dd/Build/Products/Debug-iphonesimulator/GeneratorRunnerTests.swiftmodule/arm64-apple-ios-simulator.swiftmodule /Users/josephmccraw/Documents/GitHub/NativeUIAuditKit/.build/xcode-dd/Build/Intermediates.noindex/GeneratorRunner.build/Debug-iphonesimulator/GeneratorRunnerTests.build/Objects-normal/arm64/GeneratorRunnerTests.swiftmodule (in target 'GeneratorRunnerTests' from project 'GeneratorRunner')
    cd /Users/josephmccraw/Documents/GitHub/NativeUIAuditKit/GeneratorRunner
    builtin-copy -exclude .DS_Store -exclude CVS -exclude .svn -exclude .git -exclude .hg -resolve-src-symlinks -rename /Users/josephmccraw/Documents/GitHub/NativeUIAuditKit/.build/xcode-dd/Build/Intermediates.noindex/GeneratorRunner.build/Debug-iphonesimulator/GeneratorRunnerTests.build/Objects-normal/arm64/GeneratorRunnerTests.swiftmodule /Users/josephmccraw/Documents/GitHub/NativeUIAuditKit/.build/xcode-dd/Build/Products/Debug-iphonesimulator/GeneratorRunnerTests.swiftmodule/arm64-apple-ios-simulator.swiftmodule

Copy /Users/josephmccraw/Documents/GitHub/NativeUIAuditKit/.build/xcode-dd/Build/Products/Debug-iphonesimulator/GeneratorRunnerTests.swiftmodule/arm64-apple-ios-simulator.swiftdoc /Users/josephmccraw/Documents/GitHub/NativeUIAuditKit/.build/xcode-dd/Build/Intermediates.noindex/GeneratorRunner.build/Debug-iphonesimulator/GeneratorRunnerTests.build/Objects-normal/arm64/GeneratorRunnerTests.swiftdoc (in target 'GeneratorRunnerTests' from project 'GeneratorRunner')
    cd /Users/josephmccraw/Documents/GitHub/NativeUIAuditKit/GeneratorRunner
    builtin-copy -exclude .DS_Store -exclude CVS -exclude .svn -exclude .git -exclude .hg -resolve-src-symlinks -rename /Users/josephmccraw/Documents/GitHub/NativeUIAuditKit/.build/xcode-dd/Build/Intermediates.noindex/GeneratorRunner.build/Debug-iphonesimulator/GeneratorRunnerTests.build/Objects-normal/arm64/GeneratorRunnerTests.swiftdoc /Users/josephmccraw/Documents/GitHub/NativeUIAuditKit/.build/xcode-dd/Build/Products/Debug-iphonesimulator/GeneratorRunnerTests.swiftmodule/arm64-apple-ios-simulator.swiftdoc

Copy /Users/josephmccraw/Documents/GitHub/NativeUIAuditKit/.build/xcode-dd/Build/Products/Debug-iphonesimulator/GeneratorRunnerTests.swiftmodule/arm64-apple-ios-simulator.abi.json /Users/josephmccraw/Documents/GitHub/NativeUIAuditKit/.build/xcode-dd/Build/Intermediates.noindex/GeneratorRunner.build/Debug-iphonesimulator/GeneratorRunnerTests.build/Objects-normal/arm64/GeneratorRunnerTests.abi.json (in target 'GeneratorRunnerTests' from project 'GeneratorRunner')
    cd /Users/josephmccraw/Documents/GitHub/NativeUIAuditKit/GeneratorRunner
    builtin-copy -exclude .DS_Store -exclude CVS -exclude .svn -exclude .git -exclude .hg -resolve-src-symlinks -rename /Users/josephmccraw/Documents/GitHub/NativeUIAuditKit/.build/xcode-dd/Build/Intermediates.noindex/GeneratorRunner.build/Debug-iphonesimulator/GeneratorRunnerTests.build/Objects-normal/arm64/GeneratorRunnerTests.abi.json /Users/josephmccraw/Documents/GitHub/NativeUIAuditKit/.build/xcode-dd/Build/Products/Debug-iphonesimulator/GeneratorRunnerTests.swiftmodule/arm64-apple-ios-simulator.abi.json

Copy /Users/josephmccraw/Documents/GitHub/NativeUIAuditKit/.build/xcode-dd/Build/Products/Debug-iphonesimulator/GeneratorRunnerTests.swiftmodule/Project/arm64-apple-ios-simulator.swiftsourceinfo /Users/josephmccraw/Documents/GitHub/NativeUIAuditKit/.build/xcode-dd/Build/Intermediates.noindex/GeneratorRunner.build/Debug-iphonesimulator/GeneratorRunnerTests.build/Objects-normal/arm64/GeneratorRunnerTests.swiftsourceinfo (in target 'GeneratorRunnerTests' from project 'GeneratorRunner')
    cd /Users/josephmccraw/Documents/GitHub/NativeUIAuditKit/GeneratorRunner
    builtin-copy -exclude .DS_Store -exclude CVS -exclude .svn -exclude .git -exclude .hg -resolve-src-symlinks -rename /Users/josephmccraw/Documents/GitHub/NativeUIAuditKit/.build/xcode-dd/Build/Intermediates.noindex/GeneratorRunner.build/Debug-iphonesimulator/GeneratorRunnerTests.build/Objects-normal/arm64/GeneratorRunnerTests.swiftsourceinfo /Users/josephmccraw/Documents/GitHub/NativeUIAuditKit/.build/xcode-dd/Build/Products/Debug-iphonesimulator/GeneratorRunnerTests.swiftmodule/Project/arm64-apple-ios-simulator.swiftsourceinfo

Ld /Users/josephmccraw/Documents/GitHub/NativeUIAuditKit/.build/xcode-dd/Build/Products/Debug-iphonesimulator/GeneratorRunner.app/GeneratorRunner.debug.dylib normal (in target 'GeneratorRunner' from project 'GeneratorRunner')
    cd /Users/josephmccraw/Documents/GitHub/NativeUIAuditKit/GeneratorRunner
    /Applications/Xcode.app/Contents/Developer/Toolchains/XcodeDefault.xctoolchain/usr/bin/clang -Xlinker -reproducible -target arm64-apple-ios17.0-simulator -dynamiclib -isysroot /Applications/Xcode.app/Contents/Developer/Platforms/iPhoneSimulator.platform/Developer/SDKs/iPhoneSimulator26.5.sdk -O0 -L/Users/josephmccraw/Documents/GitHub/NativeUIAuditKit/.build/xcode-dd/Build/Intermediates.noindex/EagerLinkingTBDs/Debug-iphonesimulator -L/Users/josephmccraw/Documents/GitHub/NativeUIAuditKit/.build/xcode-dd/Build/Products/Debug-iphonesimulator -F/Users/josephmccraw/Documents/GitHub/NativeUIAuditKit/.build/xcode-dd/Build/Intermediates.noindex/EagerLinkingTBDs/Debug-iphonesimulator -F/Users/josephmccraw/Documents/GitHub/NativeUIAuditKit/.build/xcode-dd/Build/Products/Debug-iphonesimulator -filelist /Users/josephmccraw/Documents/GitHub/NativeUIAuditKit/.build/xcode-dd/Build/Intermediates.noindex/GeneratorRunner.build/Debug-iphonesimulator/GeneratorRunner.build/Objects-normal/arm64/GeneratorRunner.LinkFileList -install_name @rpath/GeneratorRunner.debug.dylib -Xlinker -rpath -Xlinker /usr/lib/swift -Xlinker -rpath -Xlinker @executable_path/Frameworks -Xlinker -dead_strip -Xlinker -object_path_lto -Xlinker /Users/josephmccraw/Documents/GitHub/NativeUIAuditKit/.build/xcode-dd/Build/Intermediates.noindex/GeneratorRunner.build/Debug-iphonesimulator/GeneratorRunner.build/Objects-normal/arm64/GeneratorRunner_lto.o -rdynamic -Xlinker -no_deduplicate -Xlinker -objc_abi_version -Xlinker 2 -Xlinker -dependency_info -Xlinker /Users/josephmccraw/Documents/GitHub/NativeUIAuditKit/.build/xcode-dd/Build/Intermediates.noindex/GeneratorRunner.build/Debug-iphonesimulator/GeneratorRunner.build/Objects-normal/arm64/GeneratorRunner_dependency_info.dat -fobjc-link-runtime -L/Applications/Xcode.app/Contents/Developer/Toolchains/XcodeDefault.xctoolchain/usr/lib/swift/iphonesimulator -L/usr/lib/swift -Xlinker -add_ast_path -Xlinker /Users/josephmccraw/Documents/GitHub/NativeUIAuditKit/.build/xcode-dd/Build/Intermediates.noindex/GeneratorRunner.build/Debug-iphonesimulator/GeneratorRunner.build/Objects-normal/arm64/GeneratorRunner.swiftmodule @/Users/josephmccraw/Documents/GitHub/NativeUIAuditKit/.build/xcode-dd/Build/Intermediates.noindex/GeneratorRunner.build/Debug-iphonesimulator/GeneratorRunner.build/Objects-normal/arm64/GeneratorRunner-linker-args.resp -Xlinker -alias -Xlinker _main -Xlinker ___debug_main_executable_dylib_entry_point -o /Users/josephmccraw/Documents/GitHub/NativeUIAuditKit/.build/xcode-dd/Build/Products/Debug-iphonesimulator/GeneratorRunner.app/GeneratorRunner.debug.dylib

ConstructStubExecutorLinkFileList /Users/josephmccraw/Documents/GitHub/NativeUIAuditKit/.build/xcode-dd/Build/Intermediates.noindex/GeneratorRunner.build/Debug-iphonesimulator/GeneratorRunner.build/GeneratorRunner-ExecutorLinkFileList-normal-arm64.txt (in target 'GeneratorRunner' from project 'GeneratorRunner')
    cd /Users/josephmccraw/Documents/GitHub/NativeUIAuditKit/GeneratorRunner
    construct-stub-executor-link-file-list /Users/josephmccraw/Documents/GitHub/NativeUIAuditKit/.build/xcode-dd/Build/Products/Debug-iphonesimulator/GeneratorRunner.app/GeneratorRunner.debug.dylib /Applications/Xcode.app/Contents/Developer/Platforms/iPhoneSimulator.platform/Developer/usr/lib/libPreviewsJITStubExecutor_no_swift_entry_point.a /Applications/Xcode.app/Contents/Developer/Platforms/iPhoneSimulator.platform/Developer/usr/lib/libPreviewsJITStubExecutor.a --output /Users/josephmccraw/Documents/GitHub/NativeUIAuditKit/.build/xcode-dd/Build/Intermediates.noindex/GeneratorRunner.build/Debug-iphonesimulator/GeneratorRunner.build/GeneratorRunner-ExecutorLinkFileList-normal-arm64.txt
note: Using stub executor library with Swift entry point. (in target 'GeneratorRunner' from project 'GeneratorRunner')

Ld /Users/josephmccraw/Documents/GitHub/NativeUIAuditKit/.build/xcode-dd/Build/Products/Debug-iphonesimulator/GeneratorRunner.app/GeneratorRunner normal (in target 'GeneratorRunner' from project 'GeneratorRunner')
    cd /Users/josephmccraw/Documents/GitHub/NativeUIAuditKit/GeneratorRunner
    /Applications/Xcode.app/Contents/Developer/Toolchains/XcodeDefault.xctoolchain/usr/bin/clang -Xlinker -reproducible -target arm64-apple-ios17.0-simulator -isysroot /Applications/Xcode.app/Contents/Developer/Platforms/iPhoneSimulator.platform/Developer/SDKs/iPhoneSimulator26.5.sdk -O0 -L/Users/josephmccraw/Documents/GitHub/NativeUIAuditKit/.build/xcode-dd/Build/Products/Debug-iphonesimulator -F/Users/josephmccraw/Documents/GitHub/NativeUIAuditKit/.build/xcode-dd/Build/Products/Debug-iphonesimulator -Xlinker -rpath -Xlinker @executable_path -Xlinker -rpath -Xlinker @executable_path/Frameworks -rdynamic -Xlinker -no_deduplicate -Xlinker -objc_abi_version -Xlinker 2 -e ___debug_blank_executor_main -Xlinker -sectcreate -Xlinker __TEXT -Xlinker __debug_dylib -Xlinker /Users/josephmccraw/Documents/GitHub/NativeUIAuditKit/.build/xcode-dd/Build/Intermediates.noindex/GeneratorRunner.build/Debug-iphonesimulator/GeneratorRunner.build/GeneratorRunner-DebugDylibPath-normal-arm64.txt -Xlinker -sectcreate -Xlinker __TEXT -Xlinker __debug_instlnm -Xlinker /Users/josephmccraw/Documents/GitHub/NativeUIAuditKit/.build/xcode-dd/Build/Intermediates.noindex/GeneratorRunner.build/Debug-iphonesimulator/GeneratorRunner.build/GeneratorRunner-DebugDylibInstallName-normal-arm64.txt -Xlinker -filelist -Xlinker /Users/josephmccraw/Documents/GitHub/NativeUIAuditKit/.build/xcode-dd/Build/Intermediates.noindex/GeneratorRunner.build/Debug-iphonesimulator/GeneratorRunner.build/GeneratorRunner-ExecutorLinkFileList-normal-arm64.txt /Users/josephmccraw/Documents/GitHub/NativeUIAuditKit/.build/xcode-dd/Build/Products/Debug-iphonesimulator/GeneratorRunner.app/GeneratorRunner.debug.dylib -o /Users/josephmccraw/Documents/GitHub/NativeUIAuditKit/.build/xcode-dd/Build/Products/Debug-iphonesimulator/GeneratorRunner.app/GeneratorRunner

ExtractAppIntentsMetadata (in target 'GeneratorRunner' from project 'GeneratorRunner')
    cd /Users/josephmccraw/Documents/GitHub/NativeUIAuditKit/GeneratorRunner
    /Applications/Xcode.app/Contents/Developer/Toolchains/XcodeDefault.xctoolchain/usr/bin/appintentsmetadataprocessor --toolchain-dir /Applications/Xcode.app/Contents/Developer/Toolchains/XcodeDefault.xctoolchain --module-name GeneratorRunner --sdk-root /Applications/Xcode.app/Contents/Developer/Platforms/iPhoneSimulator.platform/Developer/SDKs/iPhoneSimulator26.5.sdk --xcode-version 17F113 --platform-family iOS --deployment-target 17.0 --bundle-identifier com.nativeuiauditkit.generatorrunner --output /Users/josephmccraw/Documents/GitHub/NativeUIAuditKit/.build/xcode-dd/Build/Products/Debug-iphonesimulator/GeneratorRunner.app --target-triple arm64-apple-ios17.0-simulator --binary-file /Users/josephmccraw/Documents/GitHub/NativeUIAuditKit/.build/xcode-dd/Build/Products/Debug-iphonesimulator/GeneratorRunner.app/GeneratorRunner --dependency-file /Users/josephmccraw/Documents/GitHub/NativeUIAuditKit/.build/xcode-dd/Build/Intermediates.noindex/GeneratorRunner.build/Debug-iphonesimulator/GeneratorRunner.build/Objects-normal/arm64/GeneratorRunner_dependency_info.dat --stringsdata-file /Users/josephmccraw/Documents/GitHub/NativeUIAuditKit/.build/xcode-dd/Build/Intermediates.noindex/GeneratorRunner.build/Debug-iphonesimulator/GeneratorRunner.build/Objects-normal/arm64/ExtractedAppShortcutsMetadata.stringsdata --source-file-list /Users/josephmccraw/Documents/GitHub/NativeUIAuditKit/.build/xcode-dd/Build/Intermediates.noindex/GeneratorRunner.build/Debug-iphonesimulator/GeneratorRunner.build/Objects-normal/arm64/GeneratorRunner.SwiftFileList --metadata-file-list /Users/josephmccraw/Documents/GitHub/NativeUIAuditKit/.build/xcode-dd/Build/Intermediates.noindex/GeneratorRunner.build/Debug-iphonesimulator/GeneratorRunner.build/GeneratorRunner.DependencyMetadataFileList --static-metadata-file-list /Users/josephmccraw/Documents/GitHub/NativeUIAuditKit/.build/xcode-dd/Build/Intermediates.noindex/GeneratorRunner.build/Debug-iphonesimulator/GeneratorRunner.build/GeneratorRunner.DependencyStaticMetadataFileList --swift-const-vals-list /Users/josephmccraw/Documents/GitHub/NativeUIAuditKit/.build/xcode-dd/Build/Intermediates.noindex/GeneratorRunner.build/Debug-iphonesimulator/GeneratorRunner.build/Objects-normal/arm64/GeneratorRunner.SwiftConstValuesFileList --compile-time-extraction --deployment-aware-processing --validate-assistant-intents --no-app-shortcuts-localization
2026-08-28 14:13:19.716 appintentsmetadataprocessor[79870:2858316] Starting appintentsmetadataprocessor export
2026-08-28 14:13:19.721 appintentsmetadataprocessor[79870:2858316] warning: Metadata extraction skipped. No AppIntents.framework dependency found.

CopySwiftLibs /Users/josephmccraw/Documents/GitHub/NativeUIAuditKit/.build/xcode-dd/Build/Products/Debug-iphonesimulator/GeneratorRunner.app (in target 'GeneratorRunner' from project 'GeneratorRunner')
    cd /Users/josephmccraw/Documents/GitHub/NativeUIAuditKit/GeneratorRunner
    builtin-swiftStdLibTool --copy --verbose --scan-executable /Users/josephmccraw/Documents/GitHub/NativeUIAuditKit/.build/xcode-dd/Build/Products/Debug-iphonesimulator/GeneratorRunner.app/GeneratorRunner.debug.dylib --scan-folder /Users/josephmccraw/Documents/GitHub/NativeUIAuditKit/.build/xcode-dd/Build/Products/Debug-iphonesimulator/GeneratorRunner.app/Frameworks --scan-folder /Users/josephmccraw/Documents/GitHub/NativeUIAuditKit/.build/xcode-dd/Build/Products/Debug-iphonesimulator/GeneratorRunner.app/PlugIns --scan-folder /Users/josephmccraw/Documents/GitHub/NativeUIAuditKit/.build/xcode-dd/Build/Products/Debug-iphonesimulator/GeneratorRunner.app/SystemExtensions --scan-folder /Users/josephmccraw/Documents/GitHub/NativeUIAuditKit/.build/xcode-dd/Build/Products/Debug-iphonesimulator/GeneratorRunner.app/Extensions --platform iphonesimulator --toolchain /Applications/Xcode.app/Contents/Developer/Toolchains/XcodeDefault.xctoolchain --destination /Users/josephmccraw/Documents/GitHub/NativeUIAuditKit/.build/xcode-dd/Build/Products/Debug-iphonesimulator/GeneratorRunner.app/Frameworks --strip-bitcode --strip-bitcode-tool /Applications/Xcode.app/Contents/Developer/Toolchains/XcodeDefault.xctoolchain/usr/bin/bitcode_strip --emit-dependency-info /Users/josephmccraw/Documents/GitHub/NativeUIAuditKit/.build/xcode-dd/Build/Intermediates.noindex/GeneratorRunner.build/Debug-iphonesimulator/GeneratorRunner.build/SwiftStdLibToolInputDependencies.dep --filter-for-swift-os --back-deploy-swift-span
Ignoring --strip-bitcode because --sign was not passed

AppIntentsSSUTraining (in target 'GeneratorRunner' from project 'GeneratorRunner')
    cd /Users/josephmccraw/Documents/GitHub/NativeUIAuditKit/GeneratorRunner
    /Applications/Xcode.app/Contents/Developer/Toolchains/XcodeDefault.xctoolchain/usr/bin/appintentsnltrainingprocessor --infoplist-path /Users/josephmccraw/Documents/GitHub/NativeUIAuditKit/.build/xcode-dd/Build/Products/Debug-iphonesimulator/GeneratorRunner.app/Info.plist --temp-dir-path /Users/josephmccraw/Documents/GitHub/NativeUIAuditKit/.build/xcode-dd/Build/Intermediates.noindex/GeneratorRunner.build/Debug-iphonesimulator/GeneratorRunner.build/ssu --bundle-id com.nativeuiauditkit.generatorrunner --product-path /Users/josephmccraw/Documents/GitHub/NativeUIAuditKit/.build/xcode-dd/Build/Products/Debug-iphonesimulator/GeneratorRunner.app --extracted-metadata-path /Users/josephmccraw/Documents/GitHub/NativeUIAuditKit/.build/xcode-dd/Build/Products/Debug-iphonesimulator/GeneratorRunner.app/Metadata.appintents --metadata-file-list /Users/josephmccraw/Documents/GitHub/NativeUIAuditKit/.build/xcode-dd/Build/Intermediates.noindex/GeneratorRunner.build/Debug-iphonesimulator/GeneratorRunner.build/GeneratorRunner.DependencyMetadataFileList --source-file /Users/josephmccraw/Documents/GitHub/NativeUIAuditKit/.build/xcode-dd/Build/Products/Debug-iphonesimulator/GeneratorRunner.app/Info.plist --archive-ssu-assets
2026-08-28 14:13:19.806 appintentsnltrainingprocessor[79871:2858319] Parsing options for appintentsnltrainingprocessor
2026-08-28 14:13:19.809 appintentsnltrainingprocessor[79871:2858319] Starting AppIntents SSU YAML Generation
2026-08-28 14:13:19.812 appintentsnltrainingprocessor[79871:2858319] No AppShortcuts found - Skipping.

ProcessInfoPlistFile /Users/josephmccraw/Documents/GitHub/NativeUIAuditKit/.build/xcode-dd/Build/Products/Debug-iphonesimulator/GeneratorRunner.app/PlugIns/GeneratorRunnerTests.xctest/Info.plist /Users/josephmccraw/Documents/GitHub/NativeUIAuditKit/.build/xcode-dd/Build/Intermediates.noindex/GeneratorRunner.build/Debug-iphonesimulator/GeneratorRunnerTests.build/empty-GeneratorRunnerTests.plist (in target 'GeneratorRunnerTests' from project 'GeneratorRunner')
    cd /Users/josephmccraw/Documents/GitHub/NativeUIAuditKit/GeneratorRunner
    builtin-infoPlistUtility /Users/josephmccraw/Documents/GitHub/NativeUIAuditKit/.build/xcode-dd/Build/Intermediates.noindex/GeneratorRunner.build/Debug-iphonesimulator/GeneratorRunnerTests.build/empty-GeneratorRunnerTests.plist -producttype com.apple.product-type.bundle.unit-test -expandbuildsettings -format binary -platform iphonesimulator -o /Users/josephmccraw/Documents/GitHub/NativeUIAuditKit/.build/xcode-dd/Build/Products/Debug-iphonesimulator/GeneratorRunner.app/PlugIns/GeneratorRunnerTests.xctest/Info.plist

CpResource /Users/josephmccraw/Documents/GitHub/NativeUIAuditKit/.build/xcode-dd/Build/Products/Debug-iphonesimulator/GeneratorRunner.app/PlugIns/GeneratorRunnerTests.xctest/TestPlan.xctestplan /Users/josephmccraw/Documents/GitHub/NativeUIAuditKit/GeneratorRunner/TestPlan.xctestplan (in target 'GeneratorRunnerTests' from project 'GeneratorRunner')
    cd /Users/josephmccraw/Documents/GitHub/NativeUIAuditKit/GeneratorRunner
    builtin-copy -exclude .DS_Store -exclude CVS -exclude .svn -exclude .git -exclude .hg -resolve-src-symlinks /Users/josephmccraw/Documents/GitHub/NativeUIAuditKit/GeneratorRunner/TestPlan.xctestplan /Users/josephmccraw/Documents/GitHub/NativeUIAuditKit/.build/xcode-dd/Build/Products/Debug-iphonesimulator/GeneratorRunner.app/PlugIns/GeneratorRunnerTests.xctest

SwiftDriverJobDiscovery normal arm64 Compiling CaptureTypes.swift, GeneratorConfig.swift, ContentCorpus.swift, SeededRNG.swift, AnnotationWriter.swift, DatasetManifest.swift, BalanceReport.swift, ScreenshotCapture.swift, LoginFormTemplate.swift (in target 'GeneratorRunnerTests' from project 'GeneratorRunner')

SwiftDriverJobDiscovery normal arm64 Compiling MenuButtonTemplate.swift, LinkRichTextTemplate.swift, SliderPanelTemplate.swift, SegmentedFilterTemplate.swift, CardDetailTemplate.swift, MultiSectionFormTemplate.swift, ToolbarActionsTemplate.swift, WizardStepFlowTemplate.swift (in target 'GeneratorRunnerTests' from project 'GeneratorRunner')

SwiftDriverJobDiscovery normal arm64 Compiling LoadingSkeletonTemplate.swift, MediaCardGridTemplate.swift, OnboardingPageTemplate.swift, PickerDateEntryTemplate.swift, ActionSheetTemplate.swift, PopoverTemplate.swift, RTLMirrorTemplate.swift, LiquidGlassNavTemplate.swift (in target 'GeneratorRunnerTests' from project 'GeneratorRunner')

SwiftDriverJobDiscovery normal arm64 Compiling NotificationCenterTemplate.swift, GalleryPageTemplate.swift, iPadSidebarTemplate.swift, AlertWithTextFieldTemplate.swift, SettingsToggleDenseTemplate.swift, AccountProfileFormTemplate.swift, ChromeCoverageTemplate.swift, NativeUIPageControlView.swift (in target 'GeneratorRunnerTests' from project 'GeneratorRunner')

SwiftDriverJobDiscovery normal arm64 Compiling UIKitGeneratorValidationTest.swift, TruncatedLabelViewController.swift, TruncatedLabelValidationTest.swift, ClippedContentViewController.swift, ClippedContentValidationTest.swift, SmallHitTargetViewController.swift, SmallHitTargetValidationTest.swift, OverlappingControlsViewController.swift (in target 'GeneratorRunnerTests' from project 'GeneratorRunner')

SwiftDriverJobDiscovery normal arm64 Compiling LiquidGlassTabTemplate.swift, SettingsDisclosureTemplate.swift, RefreshControlTemplate.swift, ContextMenuTemplate.swift, MapOverlaysTemplate.swift, StepperTemplate.swift, ProgressActivityTemplate.swift, ColorPickerTemplate.swift (in target 'GeneratorRunnerTests' from project 'GeneratorRunner')

SwiftDriverJobDiscovery normal arm64 Compiling OccludedElementValidationTest.swift, HardNegativeViewController.swift, HardNegativeValidationTest.swift, TabViewNavigationTemplate.swift, SheetTemplate.swift, SearchResultsTemplate.swift, FormValidationTemplate.swift, EmptyStateTemplate.swift (in target 'GeneratorRunnerTests' from project 'GeneratorRunner')

SwiftDriverJobDiscovery normal arm64 Compiling SettingsListTemplate.swift, AlertTemplate.swift, KitchenSinkTemplate.swift, BoundingBoxDebugRenderer.swift, UIKitCaptureSupport.swift, UIKitFormViewController.swift, UIKitListViewController.swift, UIKitControlsViewController.swift, UIKitToggleFormViewController.swift (in target 'GeneratorRunnerTests' from project 'GeneratorRunner')

SwiftDriverJobDiscovery normal arm64 Compiling GenerateDatasetTests.swift, KitchenSinkValidationTest.swift, DatasetQualityAuditTests.swift, AnalyticsDashboardTemplate.swift, GeneralizationHoldoutTest.swift, UIKitCoordTests.swift, YOLOBenchmarkTests.swift, UIKitGeneratorViewController.swift (in target 'GeneratorRunnerTests' from project 'GeneratorRunner')

SwiftDriver\ Compilation GeneratorRunnerTests normal arm64 com.apple.xcode.tools.swift.compiler (in target 'GeneratorRunnerTests' from project 'GeneratorRunner')
    cd /Users/josephmccraw/Documents/GitHub/NativeUIAuditKit/GeneratorRunner
    builtin-Swift-Compilation -- /Applications/Xcode.app/Contents/Developer/Toolchains/XcodeDefault.xctoolchain/usr/bin/swiftc -module-name GeneratorRunnerTests -Onone @/Users/josephmccraw/Documents/GitHub/NativeUIAuditKit/.build/xcode-dd/Build/Intermediates.noindex/GeneratorRunner.build/Debug-iphonesimulator/GeneratorRunnerTests.build/Objects-normal/arm64/GeneratorRunnerTests.SwiftFileList -DDEBUG -plugin-path /Applications/Xcode.app/Contents/Developer/Toolchains/XcodeDefault.xctoolchain/usr/lib/swift/host/plugins/testing -enable-experimental-feature DebugDescriptionMacro -sdk /Applications/Xcode.app/Contents/Developer/Platforms/iPhoneSimulator.platform/Developer/SDKs/iPhoneSimulator26.5.sdk -target arm64-apple-ios17.0-simulator -g -module-cache-path /Users/josephmccraw/Documents/GitHub/NativeUIAuditKit/.build/xcode-dd/ModuleCache.noindex -Xfrontend -serialize-debugging-options -enable-testing -index-store-path /Users/josephmccraw/Documents/GitHub/NativeUIAuditKit/.build/xcode-dd/Index.noindex/DataStore -Xcc -D_LIBCPP_HARDENING_MODE\=_LIBCPP_HARDENING_MODE_DEBUG -swift-version 6 -I /Users/josephmccraw/Documents/GitHub/NativeUIAuditKit/.build/xcode-dd/Build/Products/Debug-iphonesimulator -Isystem /Applications/Xcode.app/Contents/Developer/Platforms/iPhoneSimulator.platform/Developer/usr/lib -F /Users/josephmccraw/Documents/GitHub/NativeUIAuditKit/.build/xcode-dd/Build/Products/Debug-iphonesimulator -F /Applications/Xcode.app/Contents/Developer/Platforms/iPhoneSimulator.platform/Developer/Library/Frameworks -F /Applications/Xcode.app/Contents/Developer/Platforms/iPhoneSimulator.platform/Developer/SDKs/iPhoneSimulator26.5.sdk/Developer/Library/Frameworks -c -j10 -enable-batch-mode -incremental -Xcc -ivfsstatcache -Xcc /Users/josephmccraw/Documents/GitHub/NativeUIAuditKit/.build/xcode-dd/SDKStatCaches.noindex/iphonesimulator26.5-23F81a-6cfe768891a92b912361537c460fe42b.sdkstatcache -output-file-map /Users/josephmccraw/Documents/GitHub/NativeUIAuditKit/.build/xcode-dd/Build/Intermediates.noindex/GeneratorRunner.build/Debug-iphonesimulator/GeneratorRunnerTests.build/Objects-normal/arm64/GeneratorRunnerTests-OutputFileMap.json -use-frontend-parseable-output -save-temps -no-color-diagnostics -explicit-module-build -module-cache-path /Users/josephmccraw/Documents/GitHub/NativeUIAuditKit/.build/xcode-dd/Build/Intermediates.noindex/SwiftExplicitPrecompiledModules -clang-scanner-module-cache-path /Users/josephmccraw/Documents/GitHub/NativeUIAuditKit/.build/xcode-dd/ModuleCache.noindex -sdk-module-cache-path /Users/josephmccraw/Documents/GitHub/NativeUIAuditKit/.build/xcode-dd/ModuleCache.noindex -serialize-diagnostics -emit-dependencies -emit-module -emit-module-path /Users/josephmccraw/Documents/GitHub/NativeUIAuditKit/.build/xcode-dd/Build/Intermediates.noindex/GeneratorRunner.build/Debug-iphonesimulator/GeneratorRunnerTests.build/Objects-normal/arm64/GeneratorRunnerTests.swiftmodule -validate-clang-modules-once -clang-build-session-file /Users/josephmccraw/Documents/GitHub/NativeUIAuditKit/.build/xcode-dd/ModuleCache.noindex/Session.modulevalidation -Xcc -I/Users/josephmccraw/Documents/GitHub/NativeUIAuditKit/.build/xcode-dd/Build/Intermediates.noindex/GeneratorRunner.build/Debug-iphonesimulator/GeneratorRunnerTests.build/swift-overrides.hmap -emit-const-values -Xfrontend -const-gather-protocols-file -Xfrontend /Users/josephmccraw/Documents/GitHub/NativeUIAuditKit/.build/xcode-dd/Build/Intermediates.noindex/GeneratorRunner.build/Debug-iphonesimulator/GeneratorRunnerTests.build/Objects-normal/arm64/GeneratorRunnerTests_const_extract_protocols.json -Xcc -iquote -Xcc /Users/josephmccraw/Documents/GitHub/NativeUIAuditKit/.build/xcode-dd/Build/Intermediates.noindex/GeneratorRunner.build/Debug-iphonesimulator/GeneratorRunnerTests.build/GeneratorRunnerTests-generated-files.hmap -Xcc -I/Users/josephmccraw/Documents/GitHub/NativeUIAuditKit/.build/xcode-dd/Build/Intermediates.noindex/GeneratorRunner.build/Debug-iphonesimulator/GeneratorRunnerTests.build/GeneratorRunnerTests-own-target-headers.hmap -Xcc -I/Users/josephmccraw/Documents/GitHub/NativeUIAuditKit/.build/xcode-dd/Build/Intermediates.noindex/GeneratorRunner.build/Debug-iphonesimulator/GeneratorRunnerTests.build/GeneratorRunnerTests-all-target-headers.hmap -Xcc -iquote -Xcc /Users/josephmccraw/Documents/GitHub/NativeUIAuditKit/.build/xcode-dd/Build/Intermediates.noindex/GeneratorRunner.build/Debug-iphonesimulator/GeneratorRunnerTests.build/GeneratorRunnerTests-project-headers.hmap -Xcc -I/Users/josephmccraw/Documents/GitHub/NativeUIAuditKit/.build/xcode-dd/Build/Products/Debug-iphonesimulator/include -Xcc -I/Users/josephmccraw/Documents/GitHub/NativeUIAuditKit/.build/xcode-dd/Build/Intermediates.noindex/GeneratorRunner.build/Debug-iphonesimulator/GeneratorRunnerTests.build/DerivedSources-normal/arm64 -Xcc -I/Users/josephmccraw/Documents/GitHub/NativeUIAuditKit/.build/xcode-dd/Build/Intermediates.noindex/GeneratorRunner.build/Debug-iphonesimulator/GeneratorRunnerTests.build/DerivedSources/arm64 -Xcc -I/Users/josephmccraw/Documents/GitHub/NativeUIAuditKit/.build/xcode-dd/Build/Intermediates.noindex/GeneratorRunner.build/Debug-iphonesimulator/GeneratorRunnerTests.build/DerivedSources -Xcc -DDEBUG\=1 -emit-objc-header -emit-objc-header-path /Users/josephmccraw/Documents/GitHub/NativeUIAuditKit/.build/xcode-dd/Build/Intermediates.noindex/GeneratorRunner.build/Debug-iphonesimulator/GeneratorRunnerTests.build/Objects-normal/arm64/GeneratorRunnerTests-Swift.h -working-directory /Users/josephmccraw/Documents/GitHub/NativeUIAuditKit/GeneratorRunner -experimental-emit-module-separately -disable-cmo

Ld /Users/josephmccraw/Documents/GitHub/NativeUIAuditKit/.build/xcode-dd/Build/Products/Debug-iphonesimulator/GeneratorRunner.app/PlugIns/GeneratorRunnerTests.xctest/GeneratorRunnerTests normal (in target 'GeneratorRunnerTests' from project 'GeneratorRunner')
    cd /Users/josephmccraw/Documents/GitHub/NativeUIAuditKit/GeneratorRunner
    /Applications/Xcode.app/Contents/Developer/Toolchains/XcodeDefault.xctoolchain/usr/bin/clang -Xlinker -reproducible -target arm64-apple-ios17.0-simulator -bundle -isysroot /Applications/Xcode.app/Contents/Developer/Platforms/iPhoneSimulator.platform/Developer/SDKs/iPhoneSimulator26.5.sdk -O0 -L/Users/josephmccraw/Documents/GitHub/NativeUIAuditKit/.build/xcode-dd/Build/Intermediates.noindex/EagerLinkingTBDs/Debug-iphonesimulator -L/Users/josephmccraw/Documents/GitHub/NativeUIAuditKit/.build/xcode-dd/Build/Products/Debug-iphonesimulator -L/Applications/Xcode.app/Contents/Developer/Platforms/iPhoneSimulator.platform/Developer/usr/lib -F/Users/josephmccraw/Documents/GitHub/NativeUIAuditKit/.build/xcode-dd/Build/Intermediates.noindex/EagerLinkingTBDs/Debug-iphonesimulator -F/Users/josephmccraw/Documents/GitHub/NativeUIAuditKit/.build/xcode-dd/Build/Products/Debug-iphonesimulator -iframework /Applications/Xcode.app/Contents/Developer/Platforms/iPhoneSimulator.platform/Developer/Library/Frameworks -iframework /Applications/Xcode.app/Contents/Developer/Platforms/iPhoneSimulator.platform/Developer/SDKs/iPhoneSimulator26.5.sdk/Developer/Library/Frameworks -filelist /Users/josephmccraw/Documents/GitHub/NativeUIAuditKit/.build/xcode-dd/Build/Intermediates.noindex/GeneratorRunner.build/Debug-iphonesimulator/GeneratorRunnerTests.build/Objects-normal/arm64/GeneratorRunnerTests.LinkFileList -Xlinker -rpath -Xlinker /usr/lib/swift -Xlinker -rpath -Xlinker @loader_path/Frameworks -Xlinker -rpath -Xlinker @executable_path/Frameworks -Xlinker -dead_strip -Xlinker -object_path_lto -Xlinker /Users/josephmccraw/Documents/GitHub/NativeUIAuditKit/.build/xcode-dd/Build/Intermediates.noindex/GeneratorRunner.build/Debug-iphonesimulator/GeneratorRunnerTests.build/Objects-normal/arm64/GeneratorRunnerTests_lto.o -rdynamic -Xlinker -no_deduplicate -Xlinker -objc_abi_version -Xlinker 2 -Xlinker -dependency_info -Xlinker /Users/josephmccraw/Documents/GitHub/NativeUIAuditKit/.build/xcode-dd/Build/Intermediates.noindex/GeneratorRunner.build/Debug-iphonesimulator/GeneratorRunnerTests.build/Objects-normal/arm64/GeneratorRunnerTests_dependency_info.dat -fobjc-link-runtime -L/Applications/Xcode.app/Contents/Developer/Toolchains/XcodeDefault.xctoolchain/usr/lib/swift/iphonesimulator -L/usr/lib/swift -Xlinker -add_ast_path -Xlinker /Users/josephmccraw/Documents/GitHub/NativeUIAuditKit/.build/xcode-dd/Build/Intermediates.noindex/GeneratorRunner.build/Debug-iphonesimulator/GeneratorRunnerTests.build/Objects-normal/arm64/GeneratorRunnerTests.swiftmodule @/Users/josephmccraw/Documents/GitHub/NativeUIAuditKit/.build/xcode-dd/Build/Intermediates.noindex/GeneratorRunner.build/Debug-iphonesimulator/GeneratorRunnerTests.build/Objects-normal/arm64/GeneratorRunnerTests-linker-args.resp -Xlinker -needed_framework -Xlinker XCTest -framework XCTest -Xlinker -needed-lXCTestSwiftSupport -lXCTestSwiftSupport -o /Users/josephmccraw/Documents/GitHub/NativeUIAuditKit/.build/xcode-dd/Build/Products/Debug-iphonesimulator/GeneratorRunner.app/PlugIns/GeneratorRunnerTests.xctest/GeneratorRunnerTests

CopySwiftLibs /Users/josephmccraw/Documents/GitHub/NativeUIAuditKit/.build/xcode-dd/Build/Products/Debug-iphonesimulator/GeneratorRunner.app/PlugIns/GeneratorRunnerTests.xctest (in target 'GeneratorRunnerTests' from project 'GeneratorRunner')
    cd /Users/josephmccraw/Documents/GitHub/NativeUIAuditKit/GeneratorRunner
    builtin-swiftStdLibTool --copy --verbose --scan-executable /Users/josephmccraw/Documents/GitHub/NativeUIAuditKit/.build/xcode-dd/Build/Products/Debug-iphonesimulator/GeneratorRunner.app/PlugIns/GeneratorRunnerTests.xctest/GeneratorRunnerTests --scan-folder /Users/josephmccraw/Documents/GitHub/NativeUIAuditKit/.build/xcode-dd/Build/Products/Debug-iphonesimulator/GeneratorRunner.app/PlugIns/GeneratorRunnerTests.xctest/Frameworks --scan-folder /Users/josephmccraw/Documents/GitHub/NativeUIAuditKit/.build/xcode-dd/Build/Products/Debug-iphonesimulator/GeneratorRunner.app/PlugIns/GeneratorRunnerTests.xctest/PlugIns --scan-folder /Users/josephmccraw/Documents/GitHub/NativeUIAuditKit/.build/xcode-dd/Build/Products/Debug-iphonesimulator/GeneratorRunner.app/PlugIns/GeneratorRunnerTests.xctest/SystemExtensions --scan-folder /Users/josephmccraw/Documents/GitHub/NativeUIAuditKit/.build/xcode-dd/Build/Products/Debug-iphonesimulator/GeneratorRunner.app/PlugIns/GeneratorRunnerTests.xctest/Extensions --platform iphonesimulator --toolchain /Applications/Xcode.app/Contents/Developer/Toolchains/XcodeDefault.xctoolchain --destination /Users/josephmccraw/Documents/GitHub/NativeUIAuditKit/.build/xcode-dd/Build/Products/Debug-iphonesimulator/GeneratorRunner.app/PlugIns/GeneratorRunnerTests.xctest/Frameworks --strip-bitcode --scan-executable /Applications/Xcode.app/Contents/Developer/Platforms/iPhoneSimulator.platform/Developer/usr/lib/libXCTestSwiftSupport.dylib --strip-bitcode-tool /Applications/Xcode.app/Contents/Developer/Toolchains/XcodeDefault.xctoolchain/usr/bin/bitcode_strip --emit-dependency-info /Users/josephmccraw/Documents/GitHub/NativeUIAuditKit/.build/xcode-dd/Build/Intermediates.noindex/GeneratorRunner.build/Debug-iphonesimulator/GeneratorRunnerTests.build/SwiftStdLibToolInputDependencies.dep --filter-for-swift-os --back-deploy-swift-span
Ignoring --strip-bitcode because --sign was not passed

ExtractAppIntentsMetadata (in target 'GeneratorRunnerTests' from project 'GeneratorRunner')
    cd /Users/josephmccraw/Documents/GitHub/NativeUIAuditKit/GeneratorRunner
    /Applications/Xcode.app/Contents/Developer/Toolchains/XcodeDefault.xctoolchain/usr/bin/appintentsmetadataprocessor --toolchain-dir /Applications/Xcode.app/Contents/Developer/Toolchains/XcodeDefault.xctoolchain --module-name GeneratorRunnerTests --sdk-root /Applications/Xcode.app/Contents/Developer/Platforms/iPhoneSimulator.platform/Developer/SDKs/iPhoneSimulator26.5.sdk --xcode-version 17F113 --platform-family iOS --deployment-target 17.0 --bundle-identifier com.nativeuiauditkit.generatorrunner.tests --output /Users/josephmccraw/Documents/GitHub/NativeUIAuditKit/.build/xcode-dd/Build/Products/Debug-iphonesimulator/GeneratorRunner.app/PlugIns/GeneratorRunnerTests.xctest --target-triple arm64-apple-ios17.0-simulator --binary-file /Users/josephmccraw/Documents/GitHub/NativeUIAuditKit/.build/xcode-dd/Build/Products/Debug-iphonesimulator/GeneratorRunner.app/PlugIns/GeneratorRunnerTests.xctest/GeneratorRunnerTests --dependency-file /Users/josephmccraw/Documents/GitHub/NativeUIAuditKit/.build/xcode-dd/Build/Intermediates.noindex/GeneratorRunner.build/Debug-iphonesimulator/GeneratorRunnerTests.build/Objects-normal/arm64/GeneratorRunnerTests_dependency_info.dat --stringsdata-file /Users/josephmccraw/Documents/GitHub/NativeUIAuditKit/.build/xcode-dd/Build/Intermediates.noindex/GeneratorRunner.build/Debug-iphonesimulator/GeneratorRunnerTests.build/Objects-normal/arm64/ExtractedAppShortcutsMetadata.stringsdata --source-file-list /Users/josephmccraw/Documents/GitHub/NativeUIAuditKit/.build/xcode-dd/Build/Intermediates.noindex/GeneratorRunner.build/Debug-iphonesimulator/GeneratorRunnerTests.build/Objects-normal/arm64/GeneratorRunnerTests.SwiftFileList --metadata-file-list /Users/josephmccraw/Documents/GitHub/NativeUIAuditKit/.build/xcode-dd/Build/Intermediates.noindex/GeneratorRunner.build/Debug-iphonesimulator/GeneratorRunnerTests.build/GeneratorRunnerTests.DependencyMetadataFileList --static-metadata-file-list /Users/josephmccraw/Documents/GitHub/NativeUIAuditKit/.build/xcode-dd/Build/Intermediates.noindex/GeneratorRunner.build/Debug-iphonesimulator/GeneratorRunnerTests.build/GeneratorRunnerTests.DependencyStaticMetadataFileList --swift-const-vals-list /Users/josephmccraw/Documents/GitHub/NativeUIAuditKit/.build/xcode-dd/Build/Intermediates.noindex/GeneratorRunner.build/Debug-iphonesimulator/GeneratorRunnerTests.build/Objects-normal/arm64/GeneratorRunnerTests.SwiftConstValuesFileList --compile-time-extraction --deployment-aware-processing --validate-assistant-intents --no-app-shortcuts-localization
2026-08-28 14:13:23.904 appintentsmetadataprocessor[79884:2858727] Starting appintentsmetadataprocessor export
2026-08-28 14:13:23.906 appintentsmetadataprocessor[79884:2858727] warning: Metadata extraction skipped. No AppIntents.framework dependency found.

AppIntentsSSUTraining (in target 'GeneratorRunnerTests' from project 'GeneratorRunner')
    cd /Users/josephmccraw/Documents/GitHub/NativeUIAuditKit/GeneratorRunner
    /Applications/Xcode.app/Contents/Developer/Toolchains/XcodeDefault.xctoolchain/usr/bin/appintentsnltrainingprocessor --infoplist-path /Users/josephmccraw/Documents/GitHub/NativeUIAuditKit/.build/xcode-dd/Build/Products/Debug-iphonesimulator/GeneratorRunner.app/PlugIns/GeneratorRunnerTests.xctest/Info.plist --temp-dir-path /Users/josephmccraw/Documents/GitHub/NativeUIAuditKit/.build/xcode-dd/Build/Intermediates.noindex/GeneratorRunner.build/Debug-iphonesimulator/GeneratorRunnerTests.build/ssu --bundle-id com.nativeuiauditkit.generatorrunner.tests --product-path /Users/josephmccraw/Documents/GitHub/NativeUIAuditKit/.build/xcode-dd/Build/Products/Debug-iphonesimulator/GeneratorRunner.app/PlugIns/GeneratorRunnerTests.xctest --extracted-metadata-path /Users/josephmccraw/Documents/GitHub/NativeUIAuditKit/.build/xcode-dd/Build/Products/Debug-iphonesimulator/GeneratorRunner.app/PlugIns/GeneratorRunnerTests.xctest/Metadata.appintents --metadata-file-list /Users/josephmccraw/Documents/GitHub/NativeUIAuditKit/.build/xcode-dd/Build/Intermediates.noindex/GeneratorRunner.build/Debug-iphonesimulator/GeneratorRunnerTests.build/GeneratorRunnerTests.DependencyMetadataFileList --source-file /Users/josephmccraw/Documents/GitHub/NativeUIAuditKit/.build/xcode-dd/Build/Products/Debug-iphonesimulator/GeneratorRunner.app/PlugIns/GeneratorRunnerTests.xctest/Info.plist --archive-ssu-assets
2026-08-28 14:13:23.927 appintentsnltrainingprocessor[79886:2858732] Parsing options for appintentsnltrainingprocessor
2026-08-28 14:13:23.927 appintentsnltrainingprocessor[79886:2858732] Starting AppIntents SSU YAML Generation
2026-08-28 14:13:23.928 appintentsnltrainingprocessor[79886:2858732] No AppShortcuts found - Skipping.

RegisterExecutionPolicyException /Users/josephmccraw/Documents/GitHub/NativeUIAuditKit/.build/xcode-dd/Build/Products/Debug-iphonesimulator/GeneratorRunner.app/PlugIns/GeneratorRunnerTests.xctest (in target 'GeneratorRunnerTests' from project 'GeneratorRunner')
    cd /Users/josephmccraw/Documents/GitHub/NativeUIAuditKit/GeneratorRunner
    builtin-RegisterExecutionPolicyException /Users/josephmccraw/Documents/GitHub/NativeUIAuditKit/.build/xcode-dd/Build/Products/Debug-iphonesimulator/GeneratorRunner.app/PlugIns/GeneratorRunnerTests.xctest

Touch /Users/josephmccraw/Documents/GitHub/NativeUIAuditKit/.build/xcode-dd/Build/Products/Debug-iphonesimulator/GeneratorRunner.app/PlugIns/GeneratorRunnerTests.xctest (in target 'GeneratorRunnerTests' from project 'GeneratorRunner')
    cd /Users/josephmccraw/Documents/GitHub/NativeUIAuditKit/GeneratorRunner
    /usr/bin/touch -c /Users/josephmccraw/Documents/GitHub/NativeUIAuditKit/.build/xcode-dd/Build/Products/Debug-iphonesimulator/GeneratorRunner.app/PlugIns/GeneratorRunnerTests.xctest

RegisterExecutionPolicyException /Users/josephmccraw/Documents/GitHub/NativeUIAuditKit/.build/xcode-dd/Build/Products/Debug-iphonesimulator/GeneratorRunner.app (in target 'GeneratorRunner' from project 'GeneratorRunner')
    cd /Users/josephmccraw/Documents/GitHub/NativeUIAuditKit/GeneratorRunner
    builtin-RegisterExecutionPolicyException /Users/josephmccraw/Documents/GitHub/NativeUIAuditKit/.build/xcode-dd/Build/Products/Debug-iphonesimulator/GeneratorRunner.app

Validate /Users/josephmccraw/Documents/GitHub/NativeUIAuditKit/.build/xcode-dd/Build/Products/Debug-iphonesimulator/GeneratorRunner.app (in target 'GeneratorRunner' from project 'GeneratorRunner')
    cd /Users/josephmccraw/Documents/GitHub/NativeUIAuditKit/GeneratorRunner
    builtin-validationUtility /Users/josephmccraw/Documents/GitHub/NativeUIAuditKit/.build/xcode-dd/Build/Products/Debug-iphonesimulator/GeneratorRunner.app -shallow-bundle -infoplist-subpath Info.plist

Touch /Users/josephmccraw/Documents/GitHub/NativeUIAuditKit/.build/xcode-dd/Build/Products/Debug-iphonesimulator/GeneratorRunner.app (in target 'GeneratorRunner' from project 'GeneratorRunner')
    cd /Users/josephmccraw/Documents/GitHub/NativeUIAuditKit/GeneratorRunner
    /usr/bin/touch -c /Users/josephmccraw/Documents/GitHub/NativeUIAuditKit/.build/xcode-dd/Build/Products/Debug-iphonesimulator/GeneratorRunner.app

warning: Skipping duplicate build file in Compile Sources build phase: /Users/josephmccraw/Documents/GitHub/NativeUIAuditKit/NativeUIDatasetGenerator/Templates/GalleryPageTemplate.swift (in target 'GeneratorRunnerTests' from project 'GeneratorRunner')
2026-08-28 14:13:32.400187-0700 GeneratorRunner[79913:2859449] [General] Failed to send CA Event for app launch measurements for ca_event_type: 0 event_name: com.apple.app_launch_measurement.FirstFramePresentationMetric
2026-08-28 14:13:32.449343-0700 GeneratorRunner[79913:2859454] [General] Failed to send CA Event for app launch measurements for ca_event_type: 1 event_name: com.apple.app_launch_measurement.ExtendedLaunchMetrics
Test Suite 'Selected tests' started at 2026-08-28 14:13:32.686.
Test Suite 'GeneratorRunnerTests.xctest' started at 2026-08-28 14:13:32.687.
Test Suite 'KitchenSinkValidationTest' started at 2026-08-28 14:13:32.687.
Test Case '-[GeneratorRunnerTests.KitchenSinkValidationTest testKitchenSinkBoundingBoxes]' started.
✅ KitchenSink captured 35 elements
   Attachments stored in .xcresult — open in Xcode test navigator to inspect.
   activityIndicator_0                   (16,636) 20×20
   cancelAction_0                        (247,114) 47×21
   colorWell_0                           (271,632) 28×28
   destructiveButton_0                   (174,109) 65×31
   disclosureGroup_0                     (16,918) 361×89
   homeIndicator                         (130,1087) 134×13
   imageView_0                           (156,35) 28×21
   label_body                            (16,33) 72×24
   label_caption                         (100,36) 44×17
   label_disclosureA                     (163,954) 67×24
   label_disclosureB                     (163,983) 66×24
   link_0                                (196,33) 86×24
   listRow_0                             (16,741) 361×44
   listRow_1                             (16,786) 361×44
   listRow_2                             (16,830) 361×44
   menuButton_0                          (166,631) 85×31
   navigationBar                         (0,20) 393×44
   pageControl_0                         (0,672) 393×28
   picker_0                              (16,491) 361×88
   primaryButton_0                       (16,109) 75×31
   progressView_0                        (56,644) 90×4
   searchField_0                         (16,378) 361×40
   secondaryButton_0                     (99,109) 67×31
   secureField_0                         (16,336) 361×34
   segmentedControl_0                    (16,460) 361×31
   slider_0                              (16,222) 361×31
   stepperControl_0                      (251,182) 126×32
   tabBar                                (0,1051) 393×49
   tabBarItem_0                          (0,1051) 131×49
   tabBarItem_1                          (131,1051) 131×49
   tabBarItem_2                          (262,1051) 131×49
   textField_0                           (16,294) 361×34
   toggle_0                              (16,182) 49×31
   toggle_1                              (85,182) 49×31
   toggle_2                              (154,182) 49×31
Test Case '-[GeneratorRunnerTests.KitchenSinkValidationTest testKitchenSinkBoundingBoxes]' passed (1.224 seconds).
Test Suite 'KitchenSinkValidationTest' passed at 2026-08-28 14:13:33.911.
	 Executed 1 test, with 0 failures (0 unexpected) in 1.224 (1.224) seconds
Test Suite 'GeneratorRunnerTests.xctest' passed at 2026-08-28 14:13:33.911.
	 Executed 1 test, with 0 failures (0 unexpected) in 1.224 (1.225) seconds
Test Suite 'Selected tests' passed at 2026-08-28 14:13:33.911.
	 Executed 1 test, with 0 failures (0 unexpected) in 1.224 (1.225) seconds
2026-08-28 14:13:34.232 xcodebuild[79691:2857109] [MT] IDETestOperationsObserverDebug: 10.168 elapsed -- Testing started completed.
2026-08-28 14:13:34.232 xcodebuild[79691:2857109] [MT] IDETestOperationsObserverDebug: 0.000 sec, +0.000 sec -- start
2026-08-28 14:13:34.232 xcodebuild[79691:2857109] [MT] IDETestOperationsObserverDebug: 10.168 sec, +10.168 sec -- end

Test session results, code coverage, and logs:
	/Users/josephmccraw/Documents/GitHub/NativeUIAuditKit/.build/debug-output/KitchenSinkSmoke.xcresult

** TEST SUCCEEDED **

Testing started
