Command line invocation:
    /Applications/Xcode.app/Contents/Developer/usr/bin/xcodebuild build-for-testing -project NativeOSFocus/NativeOSFocus.xcodeproj -scheme NativeOSFocus -destination "generic/platform=tvOS Simulator" -derivedDataPath /Users/josephmccraw/Documents/GitHub/NativeUIAuditKit/.build/native-os-focus/DerivedData -disableAutomaticPackageResolution CLANG_MODULE_CACHE_PATH=/Users/josephmccraw/Documents/GitHub/NativeUIAuditKit/.build/native-os-focus/module-cache SWIFT_MODULE_CACHE_PATH=/Users/josephmccraw/Documents/GitHub/NativeUIAuditKit/.build/native-os-focus/module-cache

Build settings from command line:
    CLANG_MODULE_CACHE_PATH = /Users/josephmccraw/Documents/GitHub/NativeUIAuditKit/.build/native-os-focus/module-cache
    SWIFT_MODULE_CACHE_PATH = /Users/josephmccraw/Documents/GitHub/NativeUIAuditKit/.build/native-os-focus/module-cache

ComputePackagePrebuildTargetDependencyGraph

Prepare packages

CreateBuildRequest

SendProjectDescription

CreateBuildOperation

ComputeTargetDependencyGraph
note: Building targets in dependency order
note: Target dependency graph (1 target)
    Target 'NativeOSFocusTests' in project 'NativeOSFocus' (no dependencies)

GatherProvisioningInputs

CreateBuildDescription

ExecuteExternalTool /Applications/Xcode.app/Contents/Developer/Toolchains/XcodeDefault.xctoolchain/usr/bin/swiftc --version

ExecuteExternalTool /Applications/Xcode.app/Contents/Developer/Toolchains/XcodeDefault.xctoolchain/usr/bin/clang -v -E -dM -isysroot /Applications/Xcode.app/Contents/Developer/Platforms/AppleTVSimulator.platform/Developer/SDKs/AppleTVSimulator26.5.sdk -x c -c /dev/null

ExecuteExternalTool /Applications/Xcode.app/Contents/Developer/Toolchains/XcodeDefault.xctoolchain/usr/bin/ld -version_details

Build description signature: 7f99cadb12802ea1fe07550d1fb6fb43
Build description path: /Users/josephmccraw/Documents/GitHub/NativeUIAuditKit/.build/native-os-focus/DerivedData/Build/Intermediates.noindex/XCBuildData/7f99cadb12802ea1fe07550d1fb6fb43.xcbuilddata
ClangStatCache /Applications/Xcode.app/Contents/Developer/Toolchains/XcodeDefault.xctoolchain/usr/bin/clang-stat-cache /Applications/Xcode.app/Contents/Developer/Platforms/AppleTVSimulator.platform/Developer/SDKs/AppleTVSimulator26.5.sdk /Users/josephmccraw/Documents/GitHub/NativeUIAuditKit/.build/native-os-focus/DerivedData/SDKStatCaches.noindex/appletvsimulator26.5-23L470-3434e82a2ee0c2054baaa80ae3ef1269.sdkstatcache
    cd /Users/josephmccraw/Documents/GitHub/NativeUIAuditKit/NativeOSFocus/NativeOSFocus.xcodeproj
    /Applications/Xcode.app/Contents/Developer/Toolchains/XcodeDefault.xctoolchain/usr/bin/clang-stat-cache /Applications/Xcode.app/Contents/Developer/Platforms/AppleTVSimulator.platform/Developer/SDKs/AppleTVSimulator26.5.sdk -o /Users/josephmccraw/Documents/GitHub/NativeUIAuditKit/.build/native-os-focus/DerivedData/SDKStatCaches.noindex/appletvsimulator26.5-23L470-3434e82a2ee0c2054baaa80ae3ef1269.sdkstatcache

CreateBuildDirectory /Users/josephmccraw/Documents/GitHub/NativeUIAuditKit/.build/native-os-focus/DerivedData/Build/Products
    cd /Users/josephmccraw/Documents/GitHub/NativeUIAuditKit/NativeOSFocus/NativeOSFocus.xcodeproj
    builtin-create-build-directory /Users/josephmccraw/Documents/GitHub/NativeUIAuditKit/.build/native-os-focus/DerivedData/Build/Products

CreateBuildDirectory /Users/josephmccraw/Documents/GitHub/NativeUIAuditKit/.build/native-os-focus/DerivedData/Build/Intermediates.noindex
    cd /Users/josephmccraw/Documents/GitHub/NativeUIAuditKit/NativeOSFocus/NativeOSFocus.xcodeproj
    builtin-create-build-directory /Users/josephmccraw/Documents/GitHub/NativeUIAuditKit/.build/native-os-focus/DerivedData/Build/Intermediates.noindex

CreateBuildDirectory /Users/josephmccraw/Documents/GitHub/NativeUIAuditKit/.build/native-os-focus/DerivedData/Build/Products/Debug-appletvsimulator
    cd /Users/josephmccraw/Documents/GitHub/NativeUIAuditKit/NativeOSFocus/NativeOSFocus.xcodeproj
    builtin-create-build-directory /Users/josephmccraw/Documents/GitHub/NativeUIAuditKit/.build/native-os-focus/DerivedData/Build/Products/Debug-appletvsimulator

CreateBuildDirectory /Users/josephmccraw/Documents/GitHub/NativeUIAuditKit/.build/native-os-focus/DerivedData/Build/Intermediates.noindex/SwiftExplicitPrecompiledModules
    cd /Users/josephmccraw/Documents/GitHub/NativeUIAuditKit/NativeOSFocus/NativeOSFocus.xcodeproj
    builtin-create-build-directory /Users/josephmccraw/Documents/GitHub/NativeUIAuditKit/.build/native-os-focus/DerivedData/Build/Intermediates.noindex/SwiftExplicitPrecompiledModules

CreateBuildDirectory /Users/josephmccraw/Documents/GitHub/NativeUIAuditKit/.build/native-os-focus/DerivedData/Build/Intermediates.noindex/ExplicitPrecompiledModules
    cd /Users/josephmccraw/Documents/GitHub/NativeUIAuditKit/NativeOSFocus/NativeOSFocus.xcodeproj
    builtin-create-build-directory /Users/josephmccraw/Documents/GitHub/NativeUIAuditKit/.build/native-os-focus/DerivedData/Build/Intermediates.noindex/ExplicitPrecompiledModules

CreateBuildDirectory /Users/josephmccraw/Documents/GitHub/NativeUIAuditKit/.build/native-os-focus/DerivedData/Build/Intermediates.noindex/EagerLinkingTBDs/Debug-appletvsimulator
    cd /Users/josephmccraw/Documents/GitHub/NativeUIAuditKit/NativeOSFocus/NativeOSFocus.xcodeproj
    builtin-create-build-directory /Users/josephmccraw/Documents/GitHub/NativeUIAuditKit/.build/native-os-focus/DerivedData/Build/Intermediates.noindex/EagerLinkingTBDs/Debug-appletvsimulator

WriteAuxiliaryFile /Users/josephmccraw/Documents/GitHub/NativeUIAuditKit/.build/native-os-focus/DerivedData/Build/Intermediates.noindex/NativeOSFocus.build/Debug-appletvsimulator/NativeOSFocus-7dbc2511e9139687bf10e15dc56d81a9-VFS-appletvsimulator/all-product-headers.yaml
    cd /Users/josephmccraw/Documents/GitHub/NativeUIAuditKit/NativeOSFocus/NativeOSFocus.xcodeproj
    write-file /Users/josephmccraw/Documents/GitHub/NativeUIAuditKit/.build/native-os-focus/DerivedData/Build/Intermediates.noindex/NativeOSFocus.build/Debug-appletvsimulator/NativeOSFocus-7dbc2511e9139687bf10e15dc56d81a9-VFS-appletvsimulator/all-product-headers.yaml

WriteAuxiliaryFile /Users/josephmccraw/Documents/GitHub/NativeUIAuditKit/.build/native-os-focus/DerivedData/Build/Intermediates.noindex/NativeOSFocus.build/Debug-appletvsimulator/NativeOSFocusTests.build/ProductTypeInfoPlistAdditions.plist (in target 'NativeOSFocusTests' from project 'NativeOSFocus')
    cd /Users/josephmccraw/Documents/GitHub/NativeUIAuditKit/NativeOSFocus
    write-file /Users/josephmccraw/Documents/GitHub/NativeUIAuditKit/.build/native-os-focus/DerivedData/Build/Intermediates.noindex/NativeOSFocus.build/Debug-appletvsimulator/NativeOSFocusTests.build/ProductTypeInfoPlistAdditions.plist

WriteAuxiliaryFile /Users/josephmccraw/Documents/GitHub/NativeUIAuditKit/.build/native-os-focus/DerivedData/Build/Intermediates.noindex/NativeOSFocus.build/Debug-appletvsimulator/NativeOSFocusTests.build/empty-NativeOSFocusTests.plist (in target 'NativeOSFocusTests' from project 'NativeOSFocus')
    cd /Users/josephmccraw/Documents/GitHub/NativeUIAuditKit/NativeOSFocus
    write-file /Users/josephmccraw/Documents/GitHub/NativeUIAuditKit/.build/native-os-focus/DerivedData/Build/Intermediates.noindex/NativeOSFocus.build/Debug-appletvsimulator/NativeOSFocusTests.build/empty-NativeOSFocusTests.plist

WriteAuxiliaryFile /Users/josephmccraw/Documents/GitHub/NativeUIAuditKit/.build/native-os-focus/DerivedData/Build/Intermediates.noindex/NativeOSFocus.build/Debug-appletvsimulator/NativeOSFocusTests.build/Objects-normal/arm64/NativeOSFocusTests_const_extract_protocols.json (in target 'NativeOSFocusTests' from project 'NativeOSFocus')
    cd /Users/josephmccraw/Documents/GitHub/NativeUIAuditKit/NativeOSFocus
    write-file /Users/josephmccraw/Documents/GitHub/NativeUIAuditKit/.build/native-os-focus/DerivedData/Build/Intermediates.noindex/NativeOSFocus.build/Debug-appletvsimulator/NativeOSFocusTests.build/Objects-normal/arm64/NativeOSFocusTests_const_extract_protocols.json

WriteAuxiliaryFile /Users/josephmccraw/Documents/GitHub/NativeUIAuditKit/.build/native-os-focus/DerivedData/Build/Intermediates.noindex/NativeOSFocus.build/Debug-appletvsimulator/NativeOSFocusTests.build/Objects-normal/x86_64/NativeOSFocusTests_const_extract_protocols.json (in target 'NativeOSFocusTests' from project 'NativeOSFocus')
    cd /Users/josephmccraw/Documents/GitHub/NativeUIAuditKit/NativeOSFocus
    write-file /Users/josephmccraw/Documents/GitHub/NativeUIAuditKit/.build/native-os-focus/DerivedData/Build/Intermediates.noindex/NativeOSFocus.build/Debug-appletvsimulator/NativeOSFocusTests.build/Objects-normal/x86_64/NativeOSFocusTests_const_extract_protocols.json

WriteAuxiliaryFile /Users/josephmccraw/Documents/GitHub/NativeUIAuditKit/.build/native-os-focus/DerivedData/Build/Intermediates.noindex/NativeOSFocus.build/Debug-appletvsimulator/NativeOSFocusTests.build/Objects-normal/x86_64/NativeOSFocusTests-OutputFileMap.json (in target 'NativeOSFocusTests' from project 'NativeOSFocus')
    cd /Users/josephmccraw/Documents/GitHub/NativeUIAuditKit/NativeOSFocus
    write-file /Users/josephmccraw/Documents/GitHub/NativeUIAuditKit/.build/native-os-focus/DerivedData/Build/Intermediates.noindex/NativeOSFocus.build/Debug-appletvsimulator/NativeOSFocusTests.build/Objects-normal/x86_64/NativeOSFocusTests-OutputFileMap.json

WriteAuxiliaryFile /Users/josephmccraw/Documents/GitHub/NativeUIAuditKit/.build/native-os-focus/DerivedData/Build/Intermediates.noindex/NativeOSFocus.build/Debug-appletvsimulator/NativeOSFocusTests.build/Objects-normal/x86_64/NativeOSFocusTests.SwiftFileList (in target 'NativeOSFocusTests' from project 'NativeOSFocus')
    cd /Users/josephmccraw/Documents/GitHub/NativeUIAuditKit/NativeOSFocus
    write-file /Users/josephmccraw/Documents/GitHub/NativeUIAuditKit/.build/native-os-focus/DerivedData/Build/Intermediates.noindex/NativeOSFocus.build/Debug-appletvsimulator/NativeOSFocusTests.build/Objects-normal/x86_64/NativeOSFocusTests.SwiftFileList

WriteAuxiliaryFile /Users/josephmccraw/Documents/GitHub/NativeUIAuditKit/.build/native-os-focus/DerivedData/Build/Intermediates.noindex/NativeOSFocus.build/Debug-appletvsimulator/NativeOSFocusTests.build/Objects-normal/x86_64/NativeOSFocusTests.LinkFileList (in target 'NativeOSFocusTests' from project 'NativeOSFocus')
    cd /Users/josephmccraw/Documents/GitHub/NativeUIAuditKit/NativeOSFocus
    write-file /Users/josephmccraw/Documents/GitHub/NativeUIAuditKit/.build/native-os-focus/DerivedData/Build/Intermediates.noindex/NativeOSFocus.build/Debug-appletvsimulator/NativeOSFocusTests.build/Objects-normal/x86_64/NativeOSFocusTests.LinkFileList

WriteAuxiliaryFile /Users/josephmccraw/Documents/GitHub/NativeUIAuditKit/.build/native-os-focus/DerivedData/Build/Intermediates.noindex/NativeOSFocus.build/Debug-appletvsimulator/NativeOSFocusTests.build/Objects-normal/x86_64/NativeOSFocusTests.SwiftConstValuesFileList (in target 'NativeOSFocusTests' from project 'NativeOSFocus')
    cd /Users/josephmccraw/Documents/GitHub/NativeUIAuditKit/NativeOSFocus
    write-file /Users/josephmccraw/Documents/GitHub/NativeUIAuditKit/.build/native-os-focus/DerivedData/Build/Intermediates.noindex/NativeOSFocus.build/Debug-appletvsimulator/NativeOSFocusTests.build/Objects-normal/x86_64/NativeOSFocusTests.SwiftConstValuesFileList

WriteAuxiliaryFile /Users/josephmccraw/Documents/GitHub/NativeUIAuditKit/.build/native-os-focus/DerivedData/Build/Intermediates.noindex/NativeOSFocus.build/Debug-appletvsimulator/NativeOSFocusTests.build/Objects-normal/arm64/NativeOSFocusTests.SwiftFileList (in target 'NativeOSFocusTests' from project 'NativeOSFocus')
    cd /Users/josephmccraw/Documents/GitHub/NativeUIAuditKit/NativeOSFocus
    write-file /Users/josephmccraw/Documents/GitHub/NativeUIAuditKit/.build/native-os-focus/DerivedData/Build/Intermediates.noindex/NativeOSFocus.build/Debug-appletvsimulator/NativeOSFocusTests.build/Objects-normal/arm64/NativeOSFocusTests.SwiftFileList

WriteAuxiliaryFile /Users/josephmccraw/Documents/GitHub/NativeUIAuditKit/.build/native-os-focus/DerivedData/Build/Intermediates.noindex/NativeOSFocus.build/Debug-appletvsimulator/NativeOSFocusTests.build/Objects-normal/arm64/NativeOSFocusTests.SwiftConstValuesFileList (in target 'NativeOSFocusTests' from project 'NativeOSFocus')
    cd /Users/josephmccraw/Documents/GitHub/NativeUIAuditKit/NativeOSFocus
    write-file /Users/josephmccraw/Documents/GitHub/NativeUIAuditKit/.build/native-os-focus/DerivedData/Build/Intermediates.noindex/NativeOSFocus.build/Debug-appletvsimulator/NativeOSFocusTests.build/Objects-normal/arm64/NativeOSFocusTests.SwiftConstValuesFileList

WriteAuxiliaryFile /Users/josephmccraw/Documents/GitHub/NativeUIAuditKit/.build/native-os-focus/DerivedData/Build/Intermediates.noindex/NativeOSFocus.build/Debug-appletvsimulator/NativeOSFocusTests.build/Objects-normal/arm64/NativeOSFocusTests-OutputFileMap.json (in target 'NativeOSFocusTests' from project 'NativeOSFocus')
    cd /Users/josephmccraw/Documents/GitHub/NativeUIAuditKit/NativeOSFocus
    write-file /Users/josephmccraw/Documents/GitHub/NativeUIAuditKit/.build/native-os-focus/DerivedData/Build/Intermediates.noindex/NativeOSFocus.build/Debug-appletvsimulator/NativeOSFocusTests.build/Objects-normal/arm64/NativeOSFocusTests-OutputFileMap.json

WriteAuxiliaryFile /Users/josephmccraw/Documents/GitHub/NativeUIAuditKit/.build/native-os-focus/DerivedData/Build/Intermediates.noindex/NativeOSFocus.build/Debug-appletvsimulator/NativeOSFocusTests.build/NativeOSFocusTests.hmap (in target 'NativeOSFocusTests' from project 'NativeOSFocus')
    cd /Users/josephmccraw/Documents/GitHub/NativeUIAuditKit/NativeOSFocus
    write-file /Users/josephmccraw/Documents/GitHub/NativeUIAuditKit/.build/native-os-focus/DerivedData/Build/Intermediates.noindex/NativeOSFocus.build/Debug-appletvsimulator/NativeOSFocusTests.build/NativeOSFocusTests.hmap

WriteAuxiliaryFile /Users/josephmccraw/Documents/GitHub/NativeUIAuditKit/.build/native-os-focus/DerivedData/Build/Intermediates.noindex/NativeOSFocus.build/Debug-appletvsimulator/NativeOSFocusTests.build/NativeOSFocusTests.DependencyStaticMetadataFileList (in target 'NativeOSFocusTests' from project 'NativeOSFocus')
    cd /Users/josephmccraw/Documents/GitHub/NativeUIAuditKit/NativeOSFocus
    write-file /Users/josephmccraw/Documents/GitHub/NativeUIAuditKit/.build/native-os-focus/DerivedData/Build/Intermediates.noindex/NativeOSFocus.build/Debug-appletvsimulator/NativeOSFocusTests.build/NativeOSFocusTests.DependencyStaticMetadataFileList

WriteAuxiliaryFile /Users/josephmccraw/Documents/GitHub/NativeUIAuditKit/.build/native-os-focus/DerivedData/Build/Intermediates.noindex/NativeOSFocus.build/Debug-appletvsimulator/NativeOSFocusTests.build/Objects-normal/arm64/NativeOSFocusTests.LinkFileList (in target 'NativeOSFocusTests' from project 'NativeOSFocus')
    cd /Users/josephmccraw/Documents/GitHub/NativeUIAuditKit/NativeOSFocus
    write-file /Users/josephmccraw/Documents/GitHub/NativeUIAuditKit/.build/native-os-focus/DerivedData/Build/Intermediates.noindex/NativeOSFocus.build/Debug-appletvsimulator/NativeOSFocusTests.build/Objects-normal/arm64/NativeOSFocusTests.LinkFileList

WriteAuxiliaryFile /Users/josephmccraw/Documents/GitHub/NativeUIAuditKit/.build/native-os-focus/DerivedData/Build/Intermediates.noindex/NativeOSFocus.build/Debug-appletvsimulator/NativeOSFocusTests.build/NativeOSFocusTests.DependencyMetadataFileList (in target 'NativeOSFocusTests' from project 'NativeOSFocus')
    cd /Users/josephmccraw/Documents/GitHub/NativeUIAuditKit/NativeOSFocus
    write-file /Users/josephmccraw/Documents/GitHub/NativeUIAuditKit/.build/native-os-focus/DerivedData/Build/Intermediates.noindex/NativeOSFocus.build/Debug-appletvsimulator/NativeOSFocusTests.build/NativeOSFocusTests.DependencyMetadataFileList

WriteAuxiliaryFile /Users/josephmccraw/Documents/GitHub/NativeUIAuditKit/.build/native-os-focus/DerivedData/Build/Intermediates.noindex/NativeOSFocus.build/Debug-appletvsimulator/NativeOSFocusTests.build/NativeOSFocusTests-project-headers.hmap (in target 'NativeOSFocusTests' from project 'NativeOSFocus')
    cd /Users/josephmccraw/Documents/GitHub/NativeUIAuditKit/NativeOSFocus
    write-file /Users/josephmccraw/Documents/GitHub/NativeUIAuditKit/.build/native-os-focus/DerivedData/Build/Intermediates.noindex/NativeOSFocus.build/Debug-appletvsimulator/NativeOSFocusTests.build/NativeOSFocusTests-project-headers.hmap

WriteAuxiliaryFile /Users/josephmccraw/Documents/GitHub/NativeUIAuditKit/.build/native-os-focus/DerivedData/Build/Intermediates.noindex/NativeOSFocus.build/Debug-appletvsimulator/NativeOSFocusTests.build/NativeOSFocusTests-generated-files.hmap (in target 'NativeOSFocusTests' from project 'NativeOSFocus')
    cd /Users/josephmccraw/Documents/GitHub/NativeUIAuditKit/NativeOSFocus
    write-file /Users/josephmccraw/Documents/GitHub/NativeUIAuditKit/.build/native-os-focus/DerivedData/Build/Intermediates.noindex/NativeOSFocus.build/Debug-appletvsimulator/NativeOSFocusTests.build/NativeOSFocusTests-generated-files.hmap

WriteAuxiliaryFile /Users/josephmccraw/Documents/GitHub/NativeUIAuditKit/.build/native-os-focus/DerivedData/Build/Intermediates.noindex/NativeOSFocus.build/Debug-appletvsimulator/NativeOSFocusTests.build/NativeOSFocusTests-own-target-headers.hmap (in target 'NativeOSFocusTests' from project 'NativeOSFocus')
    cd /Users/josephmccraw/Documents/GitHub/NativeUIAuditKit/NativeOSFocus
    write-file /Users/josephmccraw/Documents/GitHub/NativeUIAuditKit/.build/native-os-focus/DerivedData/Build/Intermediates.noindex/NativeOSFocus.build/Debug-appletvsimulator/NativeOSFocusTests.build/NativeOSFocusTests-own-target-headers.hmap

WriteAuxiliaryFile /Users/josephmccraw/Documents/GitHub/NativeUIAuditKit/.build/native-os-focus/DerivedData/Build/Intermediates.noindex/NativeOSFocus.build/Debug-appletvsimulator/NativeOSFocusTests.build/NativeOSFocusTests-all-target-headers.hmap (in target 'NativeOSFocusTests' from project 'NativeOSFocus')
    cd /Users/josephmccraw/Documents/GitHub/NativeUIAuditKit/NativeOSFocus
    write-file /Users/josephmccraw/Documents/GitHub/NativeUIAuditKit/.build/native-os-focus/DerivedData/Build/Intermediates.noindex/NativeOSFocus.build/Debug-appletvsimulator/NativeOSFocusTests.build/NativeOSFocusTests-all-target-headers.hmap

WriteAuxiliaryFile /Users/josephmccraw/Documents/GitHub/NativeUIAuditKit/.build/native-os-focus/DerivedData/Build/Intermediates.noindex/NativeOSFocus.build/Debug-appletvsimulator/NativeOSFocusTests.build/NativeOSFocusTests-all-non-framework-target-headers.hmap (in target 'NativeOSFocusTests' from project 'NativeOSFocus')
    cd /Users/josephmccraw/Documents/GitHub/NativeUIAuditKit/NativeOSFocus
    write-file /Users/josephmccraw/Documents/GitHub/NativeUIAuditKit/.build/native-os-focus/DerivedData/Build/Intermediates.noindex/NativeOSFocus.build/Debug-appletvsimulator/NativeOSFocusTests.build/NativeOSFocusTests-all-non-framework-target-headers.hmap

WriteAuxiliaryFile /Users/josephmccraw/Documents/GitHub/NativeUIAuditKit/.build/native-os-focus/DerivedData/Build/Intermediates.noindex/NativeOSFocus.build/Debug-appletvsimulator/NativeOSFocusTests.build/DerivedSources/Entitlements-Simulated.plist (in target 'NativeOSFocusTests' from project 'NativeOSFocus')
    cd /Users/josephmccraw/Documents/GitHub/NativeUIAuditKit/NativeOSFocus
    write-file /Users/josephmccraw/Documents/GitHub/NativeUIAuditKit/.build/native-os-focus/DerivedData/Build/Intermediates.noindex/NativeOSFocus.build/Debug-appletvsimulator/NativeOSFocusTests.build/DerivedSources/Entitlements-Simulated.plist

MkDir /Users/josephmccraw/Documents/GitHub/NativeUIAuditKit/.build/native-os-focus/DerivedData/Build/Products/Debug-appletvsimulator/NativeOSFocusTests-Runner.app/PlugIns/NativeOSFocusTests.xctest (in target 'NativeOSFocusTests' from project 'NativeOSFocus')
    cd /Users/josephmccraw/Documents/GitHub/NativeUIAuditKit/NativeOSFocus
    /bin/mkdir -p /Users/josephmccraw/Documents/GitHub/NativeUIAuditKit/.build/native-os-focus/DerivedData/Build/Products/Debug-appletvsimulator/NativeOSFocusTests-Runner.app/PlugIns/NativeOSFocusTests.xctest

ProcessProductPackaging "" /Users/josephmccraw/Documents/GitHub/NativeUIAuditKit/.build/native-os-focus/DerivedData/Build/Intermediates.noindex/NativeOSFocus.build/Debug-appletvsimulator/NativeOSFocusTests.build/NativeOSFocusTests.xctest-Simulated.xcent (in target 'NativeOSFocusTests' from project 'NativeOSFocus')
    cd /Users/josephmccraw/Documents/GitHub/NativeUIAuditKit/NativeOSFocus
    
    Entitlements:
    
    {
    "application-identifier" = "RWZ25NGH8K.org.nativeuiauditkit.NativeOSFocusTests.xctrunner";
    "keychain-access-groups" =     (
        "RWZ25NGH8K.org.nativeuiauditkit.NativeOSFocusTests.xctrunner"
    );
}
    
    builtin-productPackagingUtility -entitlements -format xml -o /Users/josephmccraw/Documents/GitHub/NativeUIAuditKit/.build/native-os-focus/DerivedData/Build/Intermediates.noindex/NativeOSFocus.build/Debug-appletvsimulator/NativeOSFocusTests.build/NativeOSFocusTests.xctest-Simulated.xcent

ProcessProductPackagingDER /Users/josephmccraw/Documents/GitHub/NativeUIAuditKit/.build/native-os-focus/DerivedData/Build/Intermediates.noindex/NativeOSFocus.build/Debug-appletvsimulator/NativeOSFocusTests.build/NativeOSFocusTests.xctest-Simulated.xcent /Users/josephmccraw/Documents/GitHub/NativeUIAuditKit/.build/native-os-focus/DerivedData/Build/Intermediates.noindex/NativeOSFocus.build/Debug-appletvsimulator/NativeOSFocusTests.build/NativeOSFocusTests.xctest-Simulated.xcent.der (in target 'NativeOSFocusTests' from project 'NativeOSFocus')
    cd /Users/josephmccraw/Documents/GitHub/NativeUIAuditKit/NativeOSFocus
    /usr/bin/derq query -f xml -i /Users/josephmccraw/Documents/GitHub/NativeUIAuditKit/.build/native-os-focus/DerivedData/Build/Intermediates.noindex/NativeOSFocus.build/Debug-appletvsimulator/NativeOSFocusTests.build/NativeOSFocusTests.xctest-Simulated.xcent -o /Users/josephmccraw/Documents/GitHub/NativeUIAuditKit/.build/native-os-focus/DerivedData/Build/Intermediates.noindex/NativeOSFocus.build/Debug-appletvsimulator/NativeOSFocusTests.build/NativeOSFocusTests.xctest-Simulated.xcent.der --raw

ProcessInfoPlistFile /Users/josephmccraw/Documents/GitHub/NativeUIAuditKit/.build/native-os-focus/DerivedData/Build/Products/Debug-appletvsimulator/NativeOSFocusTests-Runner.app/PlugIns/NativeOSFocusTests.xctest/Info.plist /Users/josephmccraw/Documents/GitHub/NativeUIAuditKit/.build/native-os-focus/DerivedData/Build/Intermediates.noindex/NativeOSFocus.build/Debug-appletvsimulator/NativeOSFocusTests.build/empty-NativeOSFocusTests.plist (in target 'NativeOSFocusTests' from project 'NativeOSFocus')
    cd /Users/josephmccraw/Documents/GitHub/NativeUIAuditKit/NativeOSFocus
    builtin-infoPlistUtility /Users/josephmccraw/Documents/GitHub/NativeUIAuditKit/.build/native-os-focus/DerivedData/Build/Intermediates.noindex/NativeOSFocus.build/Debug-appletvsimulator/NativeOSFocusTests.build/empty-NativeOSFocusTests.plist -producttype com.apple.product-type.bundle.ui-testing -expandbuildsettings -format binary -platform appletvsimulator -additionalcontentfile /Users/josephmccraw/Documents/GitHub/NativeUIAuditKit/.build/native-os-focus/DerivedData/Build/Intermediates.noindex/NativeOSFocus.build/Debug-appletvsimulator/NativeOSFocusTests.build/ProductTypeInfoPlistAdditions.plist -o /Users/josephmccraw/Documents/GitHub/NativeUIAuditKit/.build/native-os-focus/DerivedData/Build/Products/Debug-appletvsimulator/NativeOSFocusTests-Runner.app/PlugIns/NativeOSFocusTests.xctest/Info.plist

SwiftDriver NativeOSFocusTests normal arm64 com.apple.xcode.tools.swift.compiler (in target 'NativeOSFocusTests' from project 'NativeOSFocus')
    cd /Users/josephmccraw/Documents/GitHub/NativeUIAuditKit/NativeOSFocus
    builtin-SwiftDriver -- /Applications/Xcode.app/Contents/Developer/Toolchains/XcodeDefault.xctoolchain/usr/bin/swiftc -module-name NativeOSFocusTests -O @/Users/josephmccraw/Documents/GitHub/NativeUIAuditKit/.build/native-os-focus/DerivedData/Build/Intermediates.noindex/NativeOSFocus.build/Debug-appletvsimulator/NativeOSFocusTests.build/Objects-normal/arm64/NativeOSFocusTests.SwiftFileList -module-alias Testing\=_Testing_Unavailable -plugin-path /Applications/Xcode.app/Contents/Developer/Toolchains/XcodeDefault.xctoolchain/usr/lib/swift/host/plugins/testing -enable-experimental-feature DebugDescriptionMacro -sdk /Applications/Xcode.app/Contents/Developer/Platforms/AppleTVSimulator.platform/Developer/SDKs/AppleTVSimulator26.5.sdk -target arm64-apple-tvos18.0-simulator -g -module-cache-path /Users/josephmccraw/Documents/GitHub/NativeUIAuditKit/.build/native-os-focus/module-cache -Xfrontend -serialize-debugging-options -swift-version 6 -I /Users/josephmccraw/Documents/GitHub/NativeUIAuditKit/.build/native-os-focus/DerivedData/Build/Products/Debug-appletvsimulator -Isystem /Applications/Xcode.app/Contents/Developer/Platforms/AppleTVSimulator.platform/Developer/usr/lib -F /Users/josephmccraw/Documents/GitHub/NativeUIAuditKit/.build/native-os-focus/DerivedData/Build/Products/Debug-appletvsimulator -F /Applications/Xcode.app/Contents/Developer/Platforms/AppleTVSimulator.platform/Developer/Library/Frameworks -F /Applications/Xcode.app/Contents/Developer/Platforms/AppleTVSimulator.platform/Developer/SDKs/AppleTVSimulator26.5.sdk/Developer/Library/Frameworks -parse-as-library -c -j10 -enable-batch-mode -incremental -Xcc -ivfsstatcache -Xcc /Users/josephmccraw/Documents/GitHub/NativeUIAuditKit/.build/native-os-focus/DerivedData/SDKStatCaches.noindex/appletvsimulator26.5-23L470-3434e82a2ee0c2054baaa80ae3ef1269.sdkstatcache -output-file-map /Users/josephmccraw/Documents/GitHub/NativeUIAuditKit/.build/native-os-focus/DerivedData/Build/Intermediates.noindex/NativeOSFocus.build/Debug-appletvsimulator/NativeOSFocusTests.build/Objects-normal/arm64/NativeOSFocusTests-OutputFileMap.json -use-frontend-parseable-output -save-temps -no-color-diagnostics -explicit-module-build -module-cache-path /Users/josephmccraw/Documents/GitHub/NativeUIAuditKit/.build/native-os-focus/DerivedData/Build/Intermediates.noindex/SwiftExplicitPrecompiledModules -clang-scanner-module-cache-path /Users/josephmccraw/Documents/GitHub/NativeUIAuditKit/.build/native-os-focus/DerivedData/ModuleCache.noindex -sdk-module-cache-path /Users/josephmccraw/Documents/GitHub/NativeUIAuditKit/.build/native-os-focus/DerivedData/ModuleCache.noindex -serialize-diagnostics -emit-dependencies -emit-module -emit-module-path /Users/josephmccraw/Documents/GitHub/NativeUIAuditKit/.build/native-os-focus/DerivedData/Build/Intermediates.noindex/NativeOSFocus.build/Debug-appletvsimulator/NativeOSFocusTests.build/Objects-normal/arm64/NativeOSFocusTests.swiftmodule -validate-clang-modules-once -clang-build-session-file /Users/josephmccraw/Documents/GitHub/NativeUIAuditKit/.build/native-os-focus/DerivedData/ModuleCache.noindex/Session.modulevalidation -Xcc -I/Users/josephmccraw/Documents/GitHub/NativeUIAuditKit/.build/native-os-focus/DerivedData/Build/Intermediates.noindex/NativeOSFocus.build/Debug-appletvsimulator/NativeOSFocusTests.build/swift-overrides.hmap -emit-const-values -Xfrontend -const-gather-protocols-file -Xfrontend /Users/josephmccraw/Documents/GitHub/NativeUIAuditKit/.build/native-os-focus/DerivedData/Build/Intermediates.noindex/NativeOSFocus.build/Debug-appletvsimulator/NativeOSFocusTests.build/Objects-normal/arm64/NativeOSFocusTests_const_extract_protocols.json -Xcc -iquote -Xcc /Users/josephmccraw/Documents/GitHub/NativeUIAuditKit/.build/native-os-focus/DerivedData/Build/Intermediates.noindex/NativeOSFocus.build/Debug-appletvsimulator/NativeOSFocusTests.build/NativeOSFocusTests-generated-files.hmap -Xcc -I/Users/josephmccraw/Documents/GitHub/NativeUIAuditKit/.build/native-os-focus/DerivedData/Build/Intermediates.noindex/NativeOSFocus.build/Debug-appletvsimulator/NativeOSFocusTests.build/NativeOSFocusTests-own-target-headers.hmap -Xcc -I/Users/josephmccraw/Documents/GitHub/NativeUIAuditKit/.build/native-os-focus/DerivedData/Build/Intermediates.noindex/NativeOSFocus.build/Debug-appletvsimulator/NativeOSFocusTests.build/NativeOSFocusTests-all-target-headers.hmap -Xcc -iquote -Xcc /Users/josephmccraw/Documents/GitHub/NativeUIAuditKit/.build/native-os-focus/DerivedData/Build/Intermediates.noindex/NativeOSFocus.build/Debug-appletvsimulator/NativeOSFocusTests.build/NativeOSFocusTests-project-headers.hmap -Xcc -I/Users/josephmccraw/Documents/GitHub/NativeUIAuditKit/.build/native-os-focus/DerivedData/Build/Products/Debug-appletvsimulator/include -Xcc -I/Users/josephmccraw/Documents/GitHub/NativeUIAuditKit/.build/native-os-focus/DerivedData/Build/Intermediates.noindex/NativeOSFocus.build/Debug-appletvsimulator/NativeOSFocusTests.build/DerivedSources-normal/arm64 -Xcc -I/Users/josephmccraw/Documents/GitHub/NativeUIAuditKit/.build/native-os-focus/DerivedData/Build/Intermediates.noindex/NativeOSFocus.build/Debug-appletvsimulator/NativeOSFocusTests.build/DerivedSources/arm64 -Xcc -I/Users/josephmccraw/Documents/GitHub/NativeUIAuditKit/.build/native-os-focus/DerivedData/Build/Intermediates.noindex/NativeOSFocus.build/Debug-appletvsimulator/NativeOSFocusTests.build/DerivedSources -emit-objc-header -emit-objc-header-path /Users/josephmccraw/Documents/GitHub/NativeUIAuditKit/.build/native-os-focus/DerivedData/Build/Intermediates.noindex/NativeOSFocus.build/Debug-appletvsimulator/NativeOSFocusTests.build/Objects-normal/arm64/NativeOSFocusTests-Swift.h -working-directory /Users/josephmccraw/Documents/GitHub/NativeUIAuditKit/NativeOSFocus -experimental-emit-module-separately -disable-cmo

SwiftDriver NativeOSFocusTests normal x86_64 com.apple.xcode.tools.swift.compiler (in target 'NativeOSFocusTests' from project 'NativeOSFocus')
    cd /Users/josephmccraw/Documents/GitHub/NativeUIAuditKit/NativeOSFocus
    builtin-SwiftDriver -- /Applications/Xcode.app/Contents/Developer/Toolchains/XcodeDefault.xctoolchain/usr/bin/swiftc -module-name NativeOSFocusTests -O @/Users/josephmccraw/Documents/GitHub/NativeUIAuditKit/.build/native-os-focus/DerivedData/Build/Intermediates.noindex/NativeOSFocus.build/Debug-appletvsimulator/NativeOSFocusTests.build/Objects-normal/x86_64/NativeOSFocusTests.SwiftFileList -module-alias Testing\=_Testing_Unavailable -plugin-path /Applications/Xcode.app/Contents/Developer/Toolchains/XcodeDefault.xctoolchain/usr/lib/swift/host/plugins/testing -enable-experimental-feature DebugDescriptionMacro -sdk /Applications/Xcode.app/Contents/Developer/Platforms/AppleTVSimulator.platform/Developer/SDKs/AppleTVSimulator26.5.sdk -target x86_64-apple-tvos18.0-simulator -g -module-cache-path /Users/josephmccraw/Documents/GitHub/NativeUIAuditKit/.build/native-os-focus/module-cache -Xfrontend -serialize-debugging-options -swift-version 6 -I /Users/josephmccraw/Documents/GitHub/NativeUIAuditKit/.build/native-os-focus/DerivedData/Build/Products/Debug-appletvsimulator -Isystem /Applications/Xcode.app/Contents/Developer/Platforms/AppleTVSimulator.platform/Developer/usr/lib -F /Users/josephmccraw/Documents/GitHub/NativeUIAuditKit/.build/native-os-focus/DerivedData/Build/Products/Debug-appletvsimulator -F /Applications/Xcode.app/Contents/Developer/Platforms/AppleTVSimulator.platform/Developer/Library/Frameworks -F /Applications/Xcode.app/Contents/Developer/Platforms/AppleTVSimulator.platform/Developer/SDKs/AppleTVSimulator26.5.sdk/Developer/Library/Frameworks -parse-as-library -c -j10 -enable-batch-mode -incremental -Xcc -ivfsstatcache -Xcc /Users/josephmccraw/Documents/GitHub/NativeUIAuditKit/.build/native-os-focus/DerivedData/SDKStatCaches.noindex/appletvsimulator26.5-23L470-3434e82a2ee0c2054baaa80ae3ef1269.sdkstatcache -output-file-map /Users/josephmccraw/Documents/GitHub/NativeUIAuditKit/.build/native-os-focus/DerivedData/Build/Intermediates.noindex/NativeOSFocus.build/Debug-appletvsimulator/NativeOSFocusTests.build/Objects-normal/x86_64/NativeOSFocusTests-OutputFileMap.json -use-frontend-parseable-output -save-temps -no-color-diagnostics -explicit-module-build -module-cache-path /Users/josephmccraw/Documents/GitHub/NativeUIAuditKit/.build/native-os-focus/DerivedData/Build/Intermediates.noindex/SwiftExplicitPrecompiledModules -clang-scanner-module-cache-path /Users/josephmccraw/Documents/GitHub/NativeUIAuditKit/.build/native-os-focus/DerivedData/ModuleCache.noindex -sdk-module-cache-path /Users/josephmccraw/Documents/GitHub/NativeUIAuditKit/.build/native-os-focus/DerivedData/ModuleCache.noindex -serialize-diagnostics -emit-dependencies -emit-module -emit-module-path /Users/josephmccraw/Documents/GitHub/NativeUIAuditKit/.build/native-os-focus/DerivedData/Build/Intermediates.noindex/NativeOSFocus.build/Debug-appletvsimulator/NativeOSFocusTests.build/Objects-normal/x86_64/NativeOSFocusTests.swiftmodule -validate-clang-modules-once -clang-build-session-file /Users/josephmccraw/Documents/GitHub/NativeUIAuditKit/.build/native-os-focus/DerivedData/ModuleCache.noindex/Session.modulevalidation -Xcc -I/Users/josephmccraw/Documents/GitHub/NativeUIAuditKit/.build/native-os-focus/DerivedData/Build/Intermediates.noindex/NativeOSFocus.build/Debug-appletvsimulator/NativeOSFocusTests.build/swift-overrides.hmap -emit-const-values -Xfrontend -const-gather-protocols-file -Xfrontend /Users/josephmccraw/Documents/GitHub/NativeUIAuditKit/.build/native-os-focus/DerivedData/Build/Intermediates.noindex/NativeOSFocus.build/Debug-appletvsimulator/NativeOSFocusTests.build/Objects-normal/x86_64/NativeOSFocusTests_const_extract_protocols.json -Xcc -iquote -Xcc /Users/josephmccraw/Documents/GitHub/NativeUIAuditKit/.build/native-os-focus/DerivedData/Build/Intermediates.noindex/NativeOSFocus.build/Debug-appletvsimulator/NativeOSFocusTests.build/NativeOSFocusTests-generated-files.hmap -Xcc -I/Users/josephmccraw/Documents/GitHub/NativeUIAuditKit/.build/native-os-focus/DerivedData/Build/Intermediates.noindex/NativeOSFocus.build/Debug-appletvsimulator/NativeOSFocusTests.build/NativeOSFocusTests-own-target-headers.hmap -Xcc -I/Users/josephmccraw/Documents/GitHub/NativeUIAuditKit/.build/native-os-focus/DerivedData/Build/Intermediates.noindex/NativeOSFocus.build/Debug-appletvsimulator/NativeOSFocusTests.build/NativeOSFocusTests-all-target-headers.hmap -Xcc -iquote -Xcc /Users/josephmccraw/Documents/GitHub/NativeUIAuditKit/.build/native-os-focus/DerivedData/Build/Intermediates.noindex/NativeOSFocus.build/Debug-appletvsimulator/NativeOSFocusTests.build/NativeOSFocusTests-project-headers.hmap -Xcc -I/Users/josephmccraw/Documents/GitHub/NativeUIAuditKit/.build/native-os-focus/DerivedData/Build/Products/Debug-appletvsimulator/include -Xcc -I/Users/josephmccraw/Documents/GitHub/NativeUIAuditKit/.build/native-os-focus/DerivedData/Build/Intermediates.noindex/NativeOSFocus.build/Debug-appletvsimulator/NativeOSFocusTests.build/DerivedSources-normal/x86_64 -Xcc -I/Users/josephmccraw/Documents/GitHub/NativeUIAuditKit/.build/native-os-focus/DerivedData/Build/Intermediates.noindex/NativeOSFocus.build/Debug-appletvsimulator/NativeOSFocusTests.build/DerivedSources/x86_64 -Xcc -I/Users/josephmccraw/Documents/GitHub/NativeUIAuditKit/.build/native-os-focus/DerivedData/Build/Intermediates.noindex/NativeOSFocus.build/Debug-appletvsimulator/NativeOSFocusTests.build/DerivedSources -emit-objc-header -emit-objc-header-path /Users/josephmccraw/Documents/GitHub/NativeUIAuditKit/.build/native-os-focus/DerivedData/Build/Intermediates.noindex/NativeOSFocus.build/Debug-appletvsimulator/NativeOSFocusTests.build/Objects-normal/x86_64/NativeOSFocusTests-Swift.h -working-directory /Users/josephmccraw/Documents/GitHub/NativeUIAuditKit/NativeOSFocus -experimental-emit-module-separately -disable-cmo

SwiftExplicitDependencyGeneratePcm x86_64 /Users/josephmccraw/Documents/GitHub/NativeUIAuditKit/.build/native-os-focus/DerivedData/ModuleCache.noindex/DeveloperToolsSupport-8EHOZFYBYD3JXDACBWK74HON7.pcm

SwiftExplicitDependencyGeneratePcm x86_64 /Users/josephmccraw/Documents/GitHub/NativeUIAuditKit/.build/native-os-focus/DerivedData/ModuleCache.noindex/SwiftShims-D1S5SPW73N5YPWAFSAMFEAM2H.pcm

SwiftExplicitDependencyGeneratePcm x86_64 /Users/josephmccraw/Documents/GitHub/NativeUIAuditKit/.build/native-os-focus/DerivedData/ModuleCache.noindex/ptrcheck-DVEUXWQQXJMRHE4AO6L52N4M4.pcm

SwiftExplicitDependencyGeneratePcm x86_64 /Users/josephmccraw/Documents/GitHub/NativeUIAuditKit/.build/native-os-focus/DerivedData/ModuleCache.noindex/_Builtin_stddef-5NQB5YDDFZ5ZJ4B3BOZXBNNZ7.pcm

SwiftExplicitDependencyGeneratePcm x86_64 /Users/josephmccraw/Documents/GitHub/NativeUIAuditKit/.build/native-os-focus/DerivedData/ModuleCache.noindex/_Builtin_stdarg-5XZP6ZBCD3GI2O5DWUJ3CVGQD.pcm

SwiftExplicitDependencyGeneratePcm x86_64 /Users/josephmccraw/Documents/GitHub/NativeUIAuditKit/.build/native-os-focus/DerivedData/ModuleCache.noindex/_Builtin_stdbool-D8HYSVBVHXYEYM9YQMTLL19EQ.pcm

SwiftExplicitDependencyGeneratePcm x86_64 /Users/josephmccraw/Documents/GitHub/NativeUIAuditKit/.build/native-os-focus/DerivedData/ModuleCache.noindex/ptrauth-DPPW3J23ACQH0IBCFJRNPBGQA.pcm

SwiftExplicitDependencyGeneratePcm x86_64 /Users/josephmccraw/Documents/GitHub/NativeUIAuditKit/.build/native-os-focus/DerivedData/ModuleCache.noindex/_SwiftConcurrencyShims-5QI7Y6UBK6EQW9061UZKASRG9.pcm

SwiftExplicitDependencyGeneratePcm x86_64 /Users/josephmccraw/Documents/GitHub/NativeUIAuditKit/.build/native-os-focus/DerivedData/ModuleCache.noindex/_Builtin_float-DRE369LAUGZH0I4ZWPDLY3L7A.pcm

SwiftExplicitDependencyGeneratePcm x86_64 /Users/josephmccraw/Documents/GitHub/NativeUIAuditKit/.build/native-os-focus/DerivedData/ModuleCache.noindex/_AvailabilityInternal-2ADAZBQHA1TWMAO7OOTR01B8E.pcm

SwiftExplicitDependencyGeneratePcm arm64 /Users/josephmccraw/Documents/GitHub/NativeUIAuditKit/.build/native-os-focus/DerivedData/ModuleCache.noindex/ptrauth-EP36SKPJ7G3D1AVEQP8J6EZJG.pcm

SwiftExplicitDependencyGeneratePcm arm64 /Users/josephmccraw/Documents/GitHub/NativeUIAuditKit/.build/native-os-focus/DerivedData/ModuleCache.noindex/_Builtin_stdbool-4R3N5XFR8YTKC5AO78C5E6KQE.pcm

SwiftExplicitDependencyGeneratePcm arm64 /Users/josephmccraw/Documents/GitHub/NativeUIAuditKit/.build/native-os-focus/DerivedData/ModuleCache.noindex/_Builtin_stdarg-N449L9E80QV1XS1TMRJHTLCQ.pcm

SwiftExplicitDependencyGeneratePcm arm64 /Users/josephmccraw/Documents/GitHub/NativeUIAuditKit/.build/native-os-focus/DerivedData/ModuleCache.noindex/_AvailabilityInternal-24W6TR0VHHG1VGMJ9U3DTKFK0.pcm

SwiftExplicitDependencyGeneratePcm arm64 /Users/josephmccraw/Documents/GitHub/NativeUIAuditKit/.build/native-os-focus/DerivedData/ModuleCache.noindex/_SwiftConcurrencyShims-B2UN0OU84K8P1DFFZGC67LNVK.pcm

SwiftExplicitDependencyGeneratePcm arm64 /Users/josephmccraw/Documents/GitHub/NativeUIAuditKit/.build/native-os-focus/DerivedData/ModuleCache.noindex/ptrcheck-25GB6QEBNGI53FTPNCH3E3JOV.pcm

SwiftExplicitDependencyGeneratePcm arm64 /Users/josephmccraw/Documents/GitHub/NativeUIAuditKit/.build/native-os-focus/DerivedData/ModuleCache.noindex/SwiftShims-AN32DW0PEZ4O9MPIRFQ2QKSHL.pcm

SwiftExplicitDependencyGeneratePcm arm64 /Users/josephmccraw/Documents/GitHub/NativeUIAuditKit/.build/native-os-focus/DerivedData/ModuleCache.noindex/_Builtin_float-BLOKYVB3KCGYSAQKV1Y8FI7UJ.pcm

SwiftExplicitDependencyGeneratePcm arm64 /Users/josephmccraw/Documents/GitHub/NativeUIAuditKit/.build/native-os-focus/DerivedData/ModuleCache.noindex/_Builtin_stddef-6GUG5JVY46A2EEG8CL2BS3Z1U.pcm

SwiftExplicitDependencyGeneratePcm x86_64 /Users/josephmccraw/Documents/GitHub/NativeUIAuditKit/.build/native-os-focus/DerivedData/ModuleCache.noindex/_DarwinFoundation1-7GVVSSCDJ8DXCLULL3NY9IIL0.pcm

SwiftExplicitDependencyGeneratePcm arm64 /Users/josephmccraw/Documents/GitHub/NativeUIAuditKit/.build/native-os-focus/DerivedData/ModuleCache.noindex/DeveloperToolsSupport-BTG9ZJMLCWYBEC4R5L5GIY2RL.pcm

SwiftExplicitDependencyGeneratePcm arm64 /Users/josephmccraw/Documents/GitHub/NativeUIAuditKit/.build/native-os-focus/DerivedData/ModuleCache.noindex/_DarwinFoundation1-5RY5MY12RL0GPJ1EZSHNCZ35W.pcm

SwiftExplicitDependencyGeneratePcm x86_64 /Users/josephmccraw/Documents/GitHub/NativeUIAuditKit/.build/native-os-focus/DerivedData/ModuleCache.noindex/_Builtin_limits-2QQN2MKNH1144XOVXWGBS707E.pcm

SwiftExplicitDependencyGeneratePcm x86_64 /Users/josephmccraw/Documents/GitHub/NativeUIAuditKit/.build/native-os-focus/DerivedData/ModuleCache.noindex/_DarwinFoundation2-5VMWVFHIU00JSYE1ZEOHP20OJ.pcm

SwiftExplicitDependencyGeneratePcm arm64 /Users/josephmccraw/Documents/GitHub/NativeUIAuditKit/.build/native-os-focus/DerivedData/ModuleCache.noindex/_Builtin_limits-W1RGJ3J1X3A7S67GCIYLL9FT.pcm

SwiftExplicitDependencyGeneratePcm arm64 /Users/josephmccraw/Documents/GitHub/NativeUIAuditKit/.build/native-os-focus/DerivedData/ModuleCache.noindex/_DarwinFoundation2-771Y1Y9Y757CCLCVYLQ3LPTRS.pcm

SwiftExplicitDependencyGeneratePcm x86_64 /Users/josephmccraw/Documents/GitHub/NativeUIAuditKit/.build/native-os-focus/DerivedData/ModuleCache.noindex/_Builtin_tgmath-AEAOHAKP8UD0OCDRRZB4OV8GB.pcm

SwiftExplicitDependencyGeneratePcm x86_64 /Users/josephmccraw/Documents/GitHub/NativeUIAuditKit/.build/native-os-focus/DerivedData/ModuleCache.noindex/sys_types-EQR7YGLAUBZBIGCZY27ZM8WP2.pcm

SwiftExplicitDependencyGeneratePcm x86_64 /Users/josephmccraw/Documents/GitHub/NativeUIAuditKit/.build/native-os-focus/DerivedData/ModuleCache.noindex/_Builtin_stdint-8OOAGYDB54310AAQCD9EXKLT7.pcm

SwiftExplicitDependencyGeneratePcm arm64 /Users/josephmccraw/Documents/GitHub/NativeUIAuditKit/.build/native-os-focus/DerivedData/ModuleCache.noindex/sys_types-19VJXKFZSFSFH7AC8MBWHGK2V.pcm

SwiftExplicitDependencyGeneratePcm arm64 /Users/josephmccraw/Documents/GitHub/NativeUIAuditKit/.build/native-os-focus/DerivedData/ModuleCache.noindex/_Builtin_stdint-CDW8YY70RCVFY7Y0R6PFBHT2V.pcm

SwiftExplicitDependencyGeneratePcm arm64 /Users/josephmccraw/Documents/GitHub/NativeUIAuditKit/.build/native-os-focus/DerivedData/ModuleCache.noindex/_Builtin_tgmath-4ZCV5CJTC4NVG88Y4S7FBM4VR.pcm

SwiftExplicitDependencyGeneratePcm x86_64 /Users/josephmccraw/Documents/GitHub/NativeUIAuditKit/.build/native-os-focus/DerivedData/ModuleCache.noindex/_Builtin_stdatomic-12VYVA6FRI1BP9KPSHYVKIN0K.pcm

SwiftExplicitDependencyGeneratePcm x86_64 /Users/josephmccraw/Documents/GitHub/NativeUIAuditKit/.build/native-os-focus/DerivedData/ModuleCache.noindex/_DarwinFoundation3-2OCQ85RTLAU93RH9X4HCEE4R4.pcm

SwiftExplicitDependencyGeneratePcm arm64 /Users/josephmccraw/Documents/GitHub/NativeUIAuditKit/.build/native-os-focus/DerivedData/ModuleCache.noindex/_Builtin_stdatomic-5ODRSA4IG6IC0P7D0RCFZCUN7.pcm

SwiftExplicitDependencyGeneratePcm arm64 /Users/josephmccraw/Documents/GitHub/NativeUIAuditKit/.build/native-os-focus/DerivedData/ModuleCache.noindex/_Builtin_intrinsics-D3KFACZBLBF4SS4DCW5D9DVTZ.pcm

SwiftExplicitDependencyGeneratePcm arm64 /Users/josephmccraw/Documents/GitHub/NativeUIAuditKit/.build/native-os-focus/DerivedData/ModuleCache.noindex/_DarwinFoundation3-C11OBKLM82UU7R7OCS7YF8Z1Y.pcm

SwiftExplicitDependencyGeneratePcm x86_64 /Users/josephmccraw/Documents/GitHub/NativeUIAuditKit/.build/native-os-focus/DerivedData/ModuleCache.noindex/_Builtin_inttypes-9IMW1E0NPQUBXCKFZ8X34DN37.pcm

SwiftExplicitDependencyGeneratePcm x86_64 /Users/josephmccraw/Documents/GitHub/NativeUIAuditKit/.build/native-os-focus/DerivedData/ModuleCache.noindex/_Builtin_intrinsics-65035F30EZSOHM9EHKFW4EZL8.pcm

SwiftExplicitDependencyGeneratePcm arm64 /Users/josephmccraw/Documents/GitHub/NativeUIAuditKit/.build/native-os-focus/DerivedData/ModuleCache.noindex/_Builtin_inttypes-4GYLL16VWY4RS6HMDKSYTACOV.pcm

SwiftExplicitDependencyGeneratePcm x86_64 /Users/josephmccraw/Documents/GitHub/NativeUIAuditKit/.build/native-os-focus/DerivedData/ModuleCache.noindex/Darwin-84Y7E6XLNIJQVY07KAMNPF5GM.pcm

SwiftExplicitDependencyGeneratePcm arm64 /Users/josephmccraw/Documents/GitHub/NativeUIAuditKit/.build/native-os-focus/DerivedData/ModuleCache.noindex/Darwin-CP4BJU11XCMO9CBZB8DST8MED.pcm

SwiftExplicitDependencyGeneratePcm arm64 /Users/josephmccraw/Documents/GitHub/NativeUIAuditKit/.build/native-os-focus/DerivedData/ModuleCache.noindex/simd-E89E1JV6X4IOPGDAH0OY1MVJA.pcm

SwiftExplicitDependencyGeneratePcm x86_64 /Users/josephmccraw/Documents/GitHub/NativeUIAuditKit/.build/native-os-focus/DerivedData/ModuleCache.noindex/MachO-E8AFF85L2PMZSDPCO6SMFKADO.pcm

SwiftExplicitDependencyGeneratePcm x86_64 /Users/josephmccraw/Documents/GitHub/NativeUIAuditKit/.build/native-os-focus/DerivedData/ModuleCache.noindex/ObjectiveC-F6RP9V4TET57M63AVTWDSQY7.pcm

SwiftExplicitDependencyGeneratePcm x86_64 /Users/josephmccraw/Documents/GitHub/NativeUIAuditKit/.build/native-os-focus/DerivedData/ModuleCache.noindex/simd-BD99IK3B8NFB2WLVEZV0CO6J8.pcm

SwiftExplicitDependencyGeneratePcm arm64 /Users/josephmccraw/Documents/GitHub/NativeUIAuditKit/.build/native-os-focus/DerivedData/ModuleCache.noindex/MachO-BHPQD6P58LQD2MGGVMHHYV31F.pcm

SwiftExplicitDependencyGeneratePcm arm64 /Users/josephmccraw/Documents/GitHub/NativeUIAuditKit/.build/native-os-focus/DerivedData/ModuleCache.noindex/ObjectiveC-9AATHZL3L2RIGF5N0RM8ZZQW3.pcm

SwiftExplicitDependencyGeneratePcm x86_64 /Users/josephmccraw/Documents/GitHub/NativeUIAuditKit/.build/native-os-focus/DerivedData/ModuleCache.noindex/os_object-8JN1Z52KABME7RFAKKFX54VAK.pcm

SwiftExplicitDependencyGeneratePcm arm64 /Users/josephmccraw/Documents/GitHub/NativeUIAuditKit/.build/native-os-focus/DerivedData/ModuleCache.noindex/os_object-4QYQOQQ76BGIB162X1AI8ITCN.pcm

SwiftExplicitDependencyGeneratePcm x86_64 /Users/josephmccraw/Documents/GitHub/NativeUIAuditKit/.build/native-os-focus/DerivedData/ModuleCache.noindex/os_workgroup-8790JQIYV3R8NPRHJK0R1UE6H.pcm

SwiftExplicitDependencyGeneratePcm arm64 /Users/josephmccraw/Documents/GitHub/NativeUIAuditKit/.build/native-os-focus/DerivedData/ModuleCache.noindex/os_workgroup-BFP8WX41RZWRB8U72Z3JIUC18.pcm

SwiftExplicitDependencyGeneratePcm x86_64 /Users/josephmccraw/Documents/GitHub/NativeUIAuditKit/.build/native-os-focus/DerivedData/ModuleCache.noindex/Dispatch-F5F0O5179I5VYAYKLIDMAYM9E.pcm

SwiftExplicitDependencyGeneratePcm arm64 /Users/josephmccraw/Documents/GitHub/NativeUIAuditKit/.build/native-os-focus/DerivedData/ModuleCache.noindex/Spatial-DENIY80XAS2XVE2GYSNQ5HPMA.pcm

SwiftExplicitDependencyGeneratePcm arm64 /Users/josephmccraw/Documents/GitHub/NativeUIAuditKit/.build/native-os-focus/DerivedData/ModuleCache.noindex/Dispatch-3LQYVF844OM32COS4FDAX46R6.pcm

SwiftExplicitDependencyGeneratePcm x86_64 /Users/josephmccraw/Documents/GitHub/NativeUIAuditKit/.build/native-os-focus/DerivedData/ModuleCache.noindex/CoreFoundation-EAHHRWWC6VI5B53GCRY7HHP0U.pcm

SwiftExplicitDependencyGeneratePcm x86_64 /Users/josephmccraw/Documents/GitHub/NativeUIAuditKit/.build/native-os-focus/DerivedData/ModuleCache.noindex/XPC-EZ758HOWDZMU5YXANXD6PX70N.pcm

SwiftExplicitDependencyGeneratePcm x86_64 /Users/josephmccraw/Documents/GitHub/NativeUIAuditKit/.build/native-os-focus/DerivedData/ModuleCache.noindex/os-SKU5EPEX9X31OQMFTRG3ITJB.pcm

SwiftExplicitDependencyGeneratePcm arm64 /Users/josephmccraw/Documents/GitHub/NativeUIAuditKit/.build/native-os-focus/DerivedData/ModuleCache.noindex/XPC-6BK0DSENX7A1KD815PV69QGHB.pcm

SwiftExplicitDependencyGeneratePcm arm64 /Users/josephmccraw/Documents/GitHub/NativeUIAuditKit/.build/native-os-focus/DerivedData/ModuleCache.noindex/CoreFoundation-3GXRHIIH3HIU2UR1QSRD4228O.pcm

SwiftExplicitDependencyGeneratePcm x86_64 /Users/josephmccraw/Documents/GitHub/NativeUIAuditKit/.build/native-os-focus/DerivedData/ModuleCache.noindex/CoreGraphics-GOHVPC6LZXCG8YN1Y5MG5ZZ4.pcm

SwiftExplicitDependencyGeneratePcm x86_64 /Users/josephmccraw/Documents/GitHub/NativeUIAuditKit/.build/native-os-focus/DerivedData/ModuleCache.noindex/CFNetwork-5MHZ3TBAEEWM77ADCTICTCKE1.pcm

SwiftExplicitDependencyGeneratePcm x86_64 /Users/josephmccraw/Documents/GitHub/NativeUIAuditKit/.build/native-os-focus/DerivedData/ModuleCache.noindex/Security-AQZOGDHPPGLK2SJQPUP3U4MXB.pcm

SwiftExplicitDependencyGeneratePcm x86_64 /Users/josephmccraw/Documents/GitHub/NativeUIAuditKit/.build/native-os-focus/DerivedData/ModuleCache.noindex/Spatial-7ZZ4LNI4DFALAPRHQSZUG8YC3.pcm

SwiftExplicitDependencyGeneratePcm arm64 /Users/josephmccraw/Documents/GitHub/NativeUIAuditKit/.build/native-os-focus/DerivedData/ModuleCache.noindex/os-4XTT62U8VG3P9AZDYTHJR5YRP.pcm

SwiftExplicitDependencyGeneratePcm x86_64 /Users/josephmccraw/Documents/GitHub/NativeUIAuditKit/.build/native-os-focus/DerivedData/ModuleCache.noindex/Foundation-72RGMA5U8A6HBUNQ91MW7VBY5.pcm

SwiftExplicitDependencyGeneratePcm arm64 /Users/josephmccraw/Documents/GitHub/NativeUIAuditKit/.build/native-os-focus/DerivedData/ModuleCache.noindex/Security-7GKHEMDWKXYD35Z87HIVQF2B0.pcm

SwiftExplicitDependencyGeneratePcm arm64 /Users/josephmccraw/Documents/GitHub/NativeUIAuditKit/.build/native-os-focus/DerivedData/ModuleCache.noindex/CoreGraphics-ALL3HRNCG2J237N5GPRLGS33T.pcm

SwiftExplicitDependencyGeneratePcm arm64 /Users/josephmccraw/Documents/GitHub/NativeUIAuditKit/.build/native-os-focus/DerivedData/ModuleCache.noindex/CFNetwork-3MMRKT4VTQ4GYRTD2YMF2IS1N.pcm

SwiftExplicitDependencyGeneratePcm x86_64 /Users/josephmccraw/Documents/GitHub/NativeUIAuditKit/.build/native-os-focus/DerivedData/ModuleCache.noindex/CoreText-3LF0UTLPN4SBEUCDA908J4YGL.pcm

SwiftExplicitDependencyGeneratePcm x86_64 /Users/josephmccraw/Documents/GitHub/NativeUIAuditKit/.build/native-os-focus/DerivedData/ModuleCache.noindex/ImageIO-DU6T6WEPSUHP4OE8GWLM1GZYO.pcm

SwiftExplicitDependencyGeneratePcm arm64 /Users/josephmccraw/Documents/GitHub/NativeUIAuditKit/.build/native-os-focus/DerivedData/ModuleCache.noindex/ImageIO-EUN7S6CWR5LEDJVVEUK8N1SRA.pcm

SwiftExplicitDependencyGeneratePcm arm64 /Users/josephmccraw/Documents/GitHub/NativeUIAuditKit/.build/native-os-focus/DerivedData/ModuleCache.noindex/CoreText-BUU3OV05XDEKD8GBRTKXU3818.pcm

SwiftExplicitDependencyGeneratePcm arm64 /Users/josephmccraw/Documents/GitHub/NativeUIAuditKit/.build/native-os-focus/DerivedData/ModuleCache.noindex/Foundation-478NPG1OAH72DOMCZH13ELQBG.pcm

SwiftExplicitDependencyGeneratePcm x86_64 /Users/josephmccraw/Documents/GitHub/NativeUIAuditKit/.build/native-os-focus/DerivedData/ModuleCache.noindex/CoreTransferable-BSO2W85JX6JMB8VXLEGYO6XOV.pcm

SwiftExplicitDependencyGeneratePcm x86_64 /Users/josephmccraw/Documents/GitHub/NativeUIAuditKit/.build/native-os-focus/DerivedData/ModuleCache.noindex/DataDetection-3ZVAGEHE49NERDGIW3NJYW21M.pcm

SwiftExplicitDependencyGeneratePcm x86_64 /Users/josephmccraw/Documents/GitHub/NativeUIAuditKit/.build/native-os-focus/DerivedData/ModuleCache.noindex/UniformTypeIdentifiers-1E5ELFOE5QUBI94UD2FVSUL7Z.pcm

SwiftExplicitDependencyGeneratePcm x86_64 /Users/josephmccraw/Documents/GitHub/NativeUIAuditKit/.build/native-os-focus/DerivedData/ModuleCache.noindex/UserNotifications-9W4MJJ0B1ZNB3EM6HC9LDMIIL.pcm

SwiftExplicitDependencyGeneratePcm x86_64 /Users/josephmccraw/Documents/GitHub/NativeUIAuditKit/.build/native-os-focus/DerivedData/ModuleCache.noindex/IOSurface-8PHDQIZCP6KUJAUGGXDG2JTTL.pcm

SwiftExplicitDependencyGeneratePcm x86_64 /Users/josephmccraw/Documents/GitHub/NativeUIAuditKit/.build/native-os-focus/DerivedData/ModuleCache.noindex/Accessibility-275K1UMLFHKZ13QR2465OVNHR.pcm

SwiftExplicitDependencyGeneratePcm x86_64 /Users/josephmccraw/Documents/GitHub/NativeUIAuditKit/.build/native-os-focus/DerivedData/ModuleCache.noindex/UIUtilities-4TZAOPWWXWKOGBGHTQZXSEWEC.pcm

SwiftExplicitDependencyGeneratePcm x86_64 /Users/josephmccraw/Documents/GitHub/NativeUIAuditKit/.build/native-os-focus/DerivedData/ModuleCache.noindex/Symbols-7CL207QMMNWXRHZLX82L6EIFZ.pcm

SwiftExplicitDependencyGeneratePcm x86_64 /Users/josephmccraw/Documents/GitHub/NativeUIAuditKit/.build/native-os-focus/DerivedData/ModuleCache.noindex/OSLog-34U0Z05L7RSPDW1LK3W7JAPRA.pcm

SwiftExplicitDependencyGeneratePcm x86_64 /Users/josephmccraw/Documents/GitHub/NativeUIAuditKit/.build/native-os-focus/DerivedData/ModuleCache.noindex/OpenGLES-A476RNOZZLEC6M98BFX0QQJJM.pcm

SwiftExplicitDependencyGeneratePcm x86_64 /Users/josephmccraw/Documents/GitHub/NativeUIAuditKit/.build/native-os-focus/DerivedData/ModuleCache.noindex/Metal-DV6W475R40S5WYHXZ23YZXKQS.pcm

SwiftExplicitDependencyGeneratePcm arm64 /Users/josephmccraw/Documents/GitHub/NativeUIAuditKit/.build/native-os-focus/DerivedData/ModuleCache.noindex/UniformTypeIdentifiers-EATLYCB7SPCHQ7UTDFIMA2MEY.pcm

SwiftExplicitDependencyGeneratePcm arm64 /Users/josephmccraw/Documents/GitHub/NativeUIAuditKit/.build/native-os-focus/DerivedData/ModuleCache.noindex/CoreTransferable-DW9QB39HWNTHOV6GKF7X0N79I.pcm

SwiftExplicitDependencyGeneratePcm arm64 /Users/josephmccraw/Documents/GitHub/NativeUIAuditKit/.build/native-os-focus/DerivedData/ModuleCache.noindex/DataDetection-9XVZVQELE0W5QROIUDK1Q5R2Q.pcm

SwiftExplicitDependencyGeneratePcm arm64 /Users/josephmccraw/Documents/GitHub/NativeUIAuditKit/.build/native-os-focus/DerivedData/ModuleCache.noindex/UserNotifications-EWSUV7Z5YOKAYT8NY6ZDKU00G.pcm

SwiftExplicitDependencyGeneratePcm arm64 /Users/josephmccraw/Documents/GitHub/NativeUIAuditKit/.build/native-os-focus/DerivedData/ModuleCache.noindex/Symbols-60T6UGB0NMNUE6JV5X5266Q3D.pcm

SwiftExplicitDependencyGeneratePcm arm64 /Users/josephmccraw/Documents/GitHub/NativeUIAuditKit/.build/native-os-focus/DerivedData/ModuleCache.noindex/UIUtilities-8FGG2BUQ86FIDKO5GF0DAT386.pcm

SwiftExplicitDependencyGeneratePcm arm64 /Users/josephmccraw/Documents/GitHub/NativeUIAuditKit/.build/native-os-focus/DerivedData/ModuleCache.noindex/OSLog-20MWA83EV7BEQUHJSR1CVFJ8.pcm

SwiftExplicitDependencyGeneratePcm arm64 /Users/josephmccraw/Documents/GitHub/NativeUIAuditKit/.build/native-os-focus/DerivedData/ModuleCache.noindex/OpenGLES-1OTPHE49MC7EHYSSINU4M6KO1.pcm

SwiftExplicitDependencyGeneratePcm arm64 /Users/josephmccraw/Documents/GitHub/NativeUIAuditKit/.build/native-os-focus/DerivedData/ModuleCache.noindex/Accessibility-5VYNPEFPEXPIPUV9HDOG3B3N5.pcm

SwiftExplicitDependencyGeneratePcm arm64 /Users/josephmccraw/Documents/GitHub/NativeUIAuditKit/.build/native-os-focus/DerivedData/ModuleCache.noindex/IOSurface-9VTU41IS0SYVYAJFOA2M3IZER.pcm

SwiftExplicitDependencyGeneratePcm x86_64 /Users/josephmccraw/Documents/GitHub/NativeUIAuditKit/.build/native-os-focus/DerivedData/ModuleCache.noindex/CoreVideo-C2RIYAVNMO2TZ8OGMOBDVEDXY.pcm

SwiftExplicitDependencyGeneratePcm arm64 /Users/josephmccraw/Documents/GitHub/NativeUIAuditKit/.build/native-os-focus/DerivedData/ModuleCache.noindex/Metal-2PXA7S049EFJ1K9CF858OOEZ3.pcm

SwiftExplicitDependencyGeneratePcm x86_64 /Users/josephmccraw/Documents/GitHub/NativeUIAuditKit/.build/native-os-focus/DerivedData/ModuleCache.noindex/CoreImage-ALDK4QLNJ0PAOCM8EGFENEIPY.pcm

SwiftExplicitDependencyGeneratePcm x86_64 /Users/josephmccraw/Documents/GitHub/NativeUIAuditKit/.build/native-os-focus/DerivedData/ModuleCache.noindex/QuartzCore-RIVUO72MMVGG0LXD11UQU48N.pcm

SwiftExplicitDependencyGeneratePcm arm64 /Users/josephmccraw/Documents/GitHub/NativeUIAuditKit/.build/native-os-focus/DerivedData/ModuleCache.noindex/CoreVideo-6YVSPI0MOKUZSN9I4I8I0HSKD.pcm

SwiftExplicitDependencyGeneratePcm x86_64 /Users/josephmccraw/Documents/GitHub/NativeUIAuditKit/.build/native-os-focus/DerivedData/ModuleCache.noindex/SwiftUICore-4EDJHFBTYEBWMSRON92QBZ0N4.pcm

SwiftExplicitDependencyGeneratePcm x86_64 /Users/josephmccraw/Documents/GitHub/NativeUIAuditKit/.build/native-os-focus/DerivedData/ModuleCache.noindex/UIKit-85E2DB81ALCH8JGK9A64UPZ3Q.pcm

SwiftExplicitDependencyGeneratePcm arm64 /Users/josephmccraw/Documents/GitHub/NativeUIAuditKit/.build/native-os-focus/DerivedData/ModuleCache.noindex/QuartzCore-3X6S0J7MLXL2UX3ABWZJVJB9Q.pcm

SwiftExplicitDependencyGeneratePcm arm64 /Users/josephmccraw/Documents/GitHub/NativeUIAuditKit/.build/native-os-focus/DerivedData/ModuleCache.noindex/CoreImage-40RMJZWGPY7D080O139ZYSS6S.pcm

SwiftExplicitDependencyGeneratePcm arm64 /Users/josephmccraw/Documents/GitHub/NativeUIAuditKit/.build/native-os-focus/DerivedData/ModuleCache.noindex/SwiftUICore-9I1A5ZSK4M8MMGB5KI2X1YX5O.pcm

SwiftExplicitDependencyGeneratePcm arm64 /Users/josephmccraw/Documents/GitHub/NativeUIAuditKit/.build/native-os-focus/DerivedData/ModuleCache.noindex/UIKit-900NG58JEDVKA23M4O7JRBKA5.pcm

SwiftExplicitDependencyGeneratePcm x86_64 /Users/josephmccraw/Documents/GitHub/NativeUIAuditKit/.build/native-os-focus/DerivedData/Build/Intermediates.noindex/SwiftExplicitPrecompiledModules/XCUIAutomation-C788649MYMULBKZYA17I5AI2H.pcm

SwiftExplicitDependencyGeneratePcm x86_64 /Users/josephmccraw/Documents/GitHub/NativeUIAuditKit/.build/native-os-focus/DerivedData/Build/Intermediates.noindex/SwiftExplicitPrecompiledModules/XCTest-D4ZUVZSTY6NCDDQLVD743P5YF.pcm

SwiftExplicitDependencyCompileModuleFromInterface x86_64 /Users/josephmccraw/Documents/GitHub/NativeUIAuditKit/.build/native-os-focus/DerivedData/Build/Intermediates.noindex/SwiftExplicitPrecompiledModules/XCUIAutomation-27SDTU4GIU4XD.swiftmodule

SwiftExplicitDependencyGeneratePcm arm64 /Users/josephmccraw/Documents/GitHub/NativeUIAuditKit/.build/native-os-focus/DerivedData/Build/Intermediates.noindex/SwiftExplicitPrecompiledModules/XCUIAutomation-E1HL1XOGMO4I91L07AB05S6ZO.pcm

SwiftExplicitDependencyCompileModuleFromInterface arm64 /Users/josephmccraw/Documents/GitHub/NativeUIAuditKit/.build/native-os-focus/DerivedData/Build/Intermediates.noindex/SwiftExplicitPrecompiledModules/XCUIAutomation-1BYWN20JE03TK.swiftmodule

SwiftExplicitDependencyGeneratePcm arm64 /Users/josephmccraw/Documents/GitHub/NativeUIAuditKit/.build/native-os-focus/DerivedData/Build/Intermediates.noindex/SwiftExplicitPrecompiledModules/XCTest-6PDQEA92I5XF7XPOG3HWICJYD.pcm

SwiftExplicitDependencyCompileModuleFromInterface x86_64 /Users/josephmccraw/Documents/GitHub/NativeUIAuditKit/.build/native-os-focus/DerivedData/Build/Intermediates.noindex/SwiftExplicitPrecompiledModules/XCTest-19033EAKWT3Q6.swiftmodule

SwiftExplicitDependencyCompileModuleFromInterface arm64 /Users/josephmccraw/Documents/GitHub/NativeUIAuditKit/.build/native-os-focus/DerivedData/Build/Intermediates.noindex/SwiftExplicitPrecompiledModules/XCTest-3KOU7S76UNFA5.swiftmodule

SwiftEmitModule normal x86_64 Emitting\ module\ for\ NativeOSFocusTests (in target 'NativeOSFocusTests' from project 'NativeOSFocus')

SwiftCompile normal x86_64 /Users/josephmccraw/Documents/GitHub/NativeUIAuditKit/NativeOSFocus/NativeOSFocusTests.swift (in target 'NativeOSFocusTests' from project 'NativeOSFocus')
    cd /Users/josephmccraw/Documents/GitHub/NativeUIAuditKit/NativeOSFocus
    

SwiftCompile normal x86_64 Compiling\ NativeOSFocusTests.swift /Users/josephmccraw/Documents/GitHub/NativeUIAuditKit/NativeOSFocus/NativeOSFocusTests.swift (in target 'NativeOSFocusTests' from project 'NativeOSFocus')
SwiftCompile normal x86_64 /Users/josephmccraw/Documents/GitHub/NativeUIAuditKit/NativeOSFocus/NativeOSFocusTests.swift (in target 'NativeOSFocusTests' from project 'NativeOSFocus')
    cd /Users/josephmccraw/Documents/GitHub/NativeUIAuditKit/NativeOSFocus
    
/Users/josephmccraw/Documents/GitHub/NativeUIAuditKit/NativeOSFocus/NativeOSFocusTests.swift:21:13: warning: immutable property will not be decoded because it is declared with an initial value which cannot be overwritten
        let version = "native-os-focus-observation-v1"
            ^
/Users/josephmccraw/Documents/GitHub/NativeUIAuditKit/NativeOSFocus/NativeOSFocusTests.swift:21:13: note: set the initial value via the initializer or explicitly define a CodingKeys enum including a 'version' case to silence this warning
        let version = "native-os-focus-observation-v1"
            ^
/Users/josephmccraw/Documents/GitHub/NativeUIAuditKit/NativeOSFocus/NativeOSFocusTests.swift:21:13: note: make the property mutable instead
        let version = "native-os-focus-observation-v1"
        ~~~ ^
        var
/Users/josephmccraw/Documents/GitHub/NativeUIAuditKit/NativeOSFocus/NativeOSFocusTests.swift:22:13: warning: immutable property will not be decoded because it is declared with an initial value which cannot be overwritten
        let sourceKind = "tvos_simulator_os"
            ^
/Users/josephmccraw/Documents/GitHub/NativeUIAuditKit/NativeOSFocus/NativeOSFocusTests.swift:22:13: note: set the initial value via the initializer or explicitly define a CodingKeys enum including a 'sourceKind' case to silence this warning
        let sourceKind = "tvos_simulator_os"
            ^
/Users/josephmccraw/Documents/GitHub/NativeUIAuditKit/NativeOSFocus/NativeOSFocusTests.swift:22:13: note: make the property mutable instead
        let sourceKind = "tvos_simulator_os"
        ~~~ ^
        var
/Users/josephmccraw/Documents/GitHub/NativeUIAuditKit/NativeOSFocus/NativeOSFocusTests.swift:23:13: warning: immutable property will not be decoded because it is declared with an initial value which cannot be overwritten
        let eligibility = "development-review-required"
            ^
/Users/josephmccraw/Documents/GitHub/NativeUIAuditKit/NativeOSFocus/NativeOSFocusTests.swift:23:13: note: set the initial value via the initializer or explicitly define a CodingKeys enum including a 'eligibility' case to silence this warning
        let eligibility = "development-review-required"
            ^
/Users/josephmccraw/Documents/GitHub/NativeUIAuditKit/NativeOSFocus/NativeOSFocusTests.swift:23:13: note: make the property mutable instead
        let eligibility = "development-review-required"
        ~~~ ^
        var

SwiftDriverJobDiscovery normal x86_64 Emitting module for NativeOSFocusTests (in target 'NativeOSFocusTests' from project 'NativeOSFocus')

SwiftDriver\ Compilation\ Requirements NativeOSFocusTests normal x86_64 com.apple.xcode.tools.swift.compiler (in target 'NativeOSFocusTests' from project 'NativeOSFocus')
    cd /Users/josephmccraw/Documents/GitHub/NativeUIAuditKit/NativeOSFocus
    builtin-Swift-Compilation-Requirements -- /Applications/Xcode.app/Contents/Developer/Toolchains/XcodeDefault.xctoolchain/usr/bin/swiftc -module-name NativeOSFocusTests -O @/Users/josephmccraw/Documents/GitHub/NativeUIAuditKit/.build/native-os-focus/DerivedData/Build/Intermediates.noindex/NativeOSFocus.build/Debug-appletvsimulator/NativeOSFocusTests.build/Objects-normal/x86_64/NativeOSFocusTests.SwiftFileList -module-alias Testing\=_Testing_Unavailable -plugin-path /Applications/Xcode.app/Contents/Developer/Toolchains/XcodeDefault.xctoolchain/usr/lib/swift/host/plugins/testing -enable-experimental-feature DebugDescriptionMacro -sdk /Applications/Xcode.app/Contents/Developer/Platforms/AppleTVSimulator.platform/Developer/SDKs/AppleTVSimulator26.5.sdk -target x86_64-apple-tvos18.0-simulator -g -module-cache-path /Users/josephmccraw/Documents/GitHub/NativeUIAuditKit/.build/native-os-focus/module-cache -Xfrontend -serialize-debugging-options -swift-version 6 -I /Users/josephmccraw/Documents/GitHub/NativeUIAuditKit/.build/native-os-focus/DerivedData/Build/Products/Debug-appletvsimulator -Isystem /Applications/Xcode.app/Contents/Developer/Platforms/AppleTVSimulator.platform/Developer/usr/lib -F /Users/josephmccraw/Documents/GitHub/NativeUIAuditKit/.build/native-os-focus/DerivedData/Build/Products/Debug-appletvsimulator -F /Applications/Xcode.app/Contents/Developer/Platforms/AppleTVSimulator.platform/Developer/Library/Frameworks -F /Applications/Xcode.app/Contents/Developer/Platforms/AppleTVSimulator.platform/Developer/SDKs/AppleTVSimulator26.5.sdk/Developer/Library/Frameworks -parse-as-library -c -j10 -enable-batch-mode -incremental -Xcc -ivfsstatcache -Xcc /Users/josephmccraw/Documents/GitHub/NativeUIAuditKit/.build/native-os-focus/DerivedData/SDKStatCaches.noindex/appletvsimulator26.5-23L470-3434e82a2ee0c2054baaa80ae3ef1269.sdkstatcache -output-file-map /Users/josephmccraw/Documents/GitHub/NativeUIAuditKit/.build/native-os-focus/DerivedData/Build/Intermediates.noindex/NativeOSFocus.build/Debug-appletvsimulator/NativeOSFocusTests.build/Objects-normal/x86_64/NativeOSFocusTests-OutputFileMap.json -use-frontend-parseable-output -save-temps -no-color-diagnostics -explicit-module-build -module-cache-path /Users/josephmccraw/Documents/GitHub/NativeUIAuditKit/.build/native-os-focus/DerivedData/Build/Intermediates.noindex/SwiftExplicitPrecompiledModules -clang-scanner-module-cache-path /Users/josephmccraw/Documents/GitHub/NativeUIAuditKit/.build/native-os-focus/DerivedData/ModuleCache.noindex -sdk-module-cache-path /Users/josephmccraw/Documents/GitHub/NativeUIAuditKit/.build/native-os-focus/DerivedData/ModuleCache.noindex -serialize-diagnostics -emit-dependencies -emit-module -emit-module-path /Users/josephmccraw/Documents/GitHub/NativeUIAuditKit/.build/native-os-focus/DerivedData/Build/Intermediates.noindex/NativeOSFocus.build/Debug-appletvsimulator/NativeOSFocusTests.build/Objects-normal/x86_64/NativeOSFocusTests.swiftmodule -validate-clang-modules-once -clang-build-session-file /Users/josephmccraw/Documents/GitHub/NativeUIAuditKit/.build/native-os-focus/DerivedData/ModuleCache.noindex/Session.modulevalidation -Xcc -I/Users/josephmccraw/Documents/GitHub/NativeUIAuditKit/.build/native-os-focus/DerivedData/Build/Intermediates.noindex/NativeOSFocus.build/Debug-appletvsimulator/NativeOSFocusTests.build/swift-overrides.hmap -emit-const-values -Xfrontend -const-gather-protocols-file -Xfrontend /Users/josephmccraw/Documents/GitHub/NativeUIAuditKit/.build/native-os-focus/DerivedData/Build/Intermediates.noindex/NativeOSFocus.build/Debug-appletvsimulator/NativeOSFocusTests.build/Objects-normal/x86_64/NativeOSFocusTests_const_extract_protocols.json -Xcc -iquote -Xcc /Users/josephmccraw/Documents/GitHub/NativeUIAuditKit/.build/native-os-focus/DerivedData/Build/Intermediates.noindex/NativeOSFocus.build/Debug-appletvsimulator/NativeOSFocusTests.build/NativeOSFocusTests-generated-files.hmap -Xcc -I/Users/josephmccraw/Documents/GitHub/NativeUIAuditKit/.build/native-os-focus/DerivedData/Build/Intermediates.noindex/NativeOSFocus.build/Debug-appletvsimulator/NativeOSFocusTests.build/NativeOSFocusTests-own-target-headers.hmap -Xcc -I/Users/josephmccraw/Documents/GitHub/NativeUIAuditKit/.build/native-os-focus/DerivedData/Build/Intermediates.noindex/NativeOSFocus.build/Debug-appletvsimulator/NativeOSFocusTests.build/NativeOSFocusTests-all-target-headers.hmap -Xcc -iquote -Xcc /Users/josephmccraw/Documents/GitHub/NativeUIAuditKit/.build/native-os-focus/DerivedData/Build/Intermediates.noindex/NativeOSFocus.build/Debug-appletvsimulator/NativeOSFocusTests.build/NativeOSFocusTests-project-headers.hmap -Xcc -I/Users/josephmccraw/Documents/GitHub/NativeUIAuditKit/.build/native-os-focus/DerivedData/Build/Products/Debug-appletvsimulator/include -Xcc -I/Users/josephmccraw/Documents/GitHub/NativeUIAuditKit/.build/native-os-focus/DerivedData/Build/Intermediates.noindex/NativeOSFocus.build/Debug-appletvsimulator/NativeOSFocusTests.build/DerivedSources-normal/x86_64 -Xcc -I/Users/josephmccraw/Documents/GitHub/NativeUIAuditKit/.build/native-os-focus/DerivedData/Build/Intermediates.noindex/NativeOSFocus.build/Debug-appletvsimulator/NativeOSFocusTests.build/DerivedSources/x86_64 -Xcc -I/Users/josephmccraw/Documents/GitHub/NativeUIAuditKit/.build/native-os-focus/DerivedData/Build/Intermediates.noindex/NativeOSFocus.build/Debug-appletvsimulator/NativeOSFocusTests.build/DerivedSources -emit-objc-header -emit-objc-header-path /Users/josephmccraw/Documents/GitHub/NativeUIAuditKit/.build/native-os-focus/DerivedData/Build/Intermediates.noindex/NativeOSFocus.build/Debug-appletvsimulator/NativeOSFocusTests.build/Objects-normal/x86_64/NativeOSFocusTests-Swift.h -working-directory /Users/josephmccraw/Documents/GitHub/NativeUIAuditKit/NativeOSFocus -experimental-emit-module-separately -disable-cmo

Copy /Users/josephmccraw/Documents/GitHub/NativeUIAuditKit/.build/native-os-focus/DerivedData/Build/Products/Debug-appletvsimulator/NativeOSFocusTests.swiftmodule/x86_64-apple-tvos-simulator.swiftmodule /Users/josephmccraw/Documents/GitHub/NativeUIAuditKit/.build/native-os-focus/DerivedData/Build/Intermediates.noindex/NativeOSFocus.build/Debug-appletvsimulator/NativeOSFocusTests.build/Objects-normal/x86_64/NativeOSFocusTests.swiftmodule (in target 'NativeOSFocusTests' from project 'NativeOSFocus')
    cd /Users/josephmccraw/Documents/GitHub/NativeUIAuditKit/NativeOSFocus
    builtin-copy -exclude .DS_Store -exclude CVS -exclude .svn -exclude .git -exclude .hg -strip-unsigned-binaries -strip-deterministic -strip-tool /Applications/Xcode.app/Contents/Developer/Toolchains/XcodeDefault.xctoolchain/usr/bin/strip -resolve-src-symlinks -rename /Users/josephmccraw/Documents/GitHub/NativeUIAuditKit/.build/native-os-focus/DerivedData/Build/Intermediates.noindex/NativeOSFocus.build/Debug-appletvsimulator/NativeOSFocusTests.build/Objects-normal/x86_64/NativeOSFocusTests.swiftmodule /Users/josephmccraw/Documents/GitHub/NativeUIAuditKit/.build/native-os-focus/DerivedData/Build/Products/Debug-appletvsimulator/NativeOSFocusTests.swiftmodule/x86_64-apple-tvos-simulator.swiftmodule

Copy /Users/josephmccraw/Documents/GitHub/NativeUIAuditKit/.build/native-os-focus/DerivedData/Build/Products/Debug-appletvsimulator/NativeOSFocusTests.swiftmodule/x86_64-apple-tvos-simulator.abi.json /Users/josephmccraw/Documents/GitHub/NativeUIAuditKit/.build/native-os-focus/DerivedData/Build/Intermediates.noindex/NativeOSFocus.build/Debug-appletvsimulator/NativeOSFocusTests.build/Objects-normal/x86_64/NativeOSFocusTests.abi.json (in target 'NativeOSFocusTests' from project 'NativeOSFocus')
    cd /Users/josephmccraw/Documents/GitHub/NativeUIAuditKit/NativeOSFocus
    builtin-copy -exclude .DS_Store -exclude CVS -exclude .svn -exclude .git -exclude .hg -strip-unsigned-binaries -strip-deterministic -strip-tool /Applications/Xcode.app/Contents/Developer/Toolchains/XcodeDefault.xctoolchain/usr/bin/strip -resolve-src-symlinks -rename /Users/josephmccraw/Documents/GitHub/NativeUIAuditKit/.build/native-os-focus/DerivedData/Build/Intermediates.noindex/NativeOSFocus.build/Debug-appletvsimulator/NativeOSFocusTests.build/Objects-normal/x86_64/NativeOSFocusTests.abi.json /Users/josephmccraw/Documents/GitHub/NativeUIAuditKit/.build/native-os-focus/DerivedData/Build/Products/Debug-appletvsimulator/NativeOSFocusTests.swiftmodule/x86_64-apple-tvos-simulator.abi.json

Copy /Users/josephmccraw/Documents/GitHub/NativeUIAuditKit/.build/native-os-focus/DerivedData/Build/Products/Debug-appletvsimulator/NativeOSFocusTests.swiftmodule/x86_64-apple-tvos-simulator.swiftdoc /Users/josephmccraw/Documents/GitHub/NativeUIAuditKit/.build/native-os-focus/DerivedData/Build/Intermediates.noindex/NativeOSFocus.build/Debug-appletvsimulator/NativeOSFocusTests.build/Objects-normal/x86_64/NativeOSFocusTests.swiftdoc (in target 'NativeOSFocusTests' from project 'NativeOSFocus')
    cd /Users/josephmccraw/Documents/GitHub/NativeUIAuditKit/NativeOSFocus
    builtin-copy -exclude .DS_Store -exclude CVS -exclude .svn -exclude .git -exclude .hg -strip-unsigned-binaries -strip-deterministic -strip-tool /Applications/Xcode.app/Contents/Developer/Toolchains/XcodeDefault.xctoolchain/usr/bin/strip -resolve-src-symlinks -rename /Users/josephmccraw/Documents/GitHub/NativeUIAuditKit/.build/native-os-focus/DerivedData/Build/Intermediates.noindex/NativeOSFocus.build/Debug-appletvsimulator/NativeOSFocusTests.build/Objects-normal/x86_64/NativeOSFocusTests.swiftdoc /Users/josephmccraw/Documents/GitHub/NativeUIAuditKit/.build/native-os-focus/DerivedData/Build/Products/Debug-appletvsimulator/NativeOSFocusTests.swiftmodule/x86_64-apple-tvos-simulator.swiftdoc

Copy /Users/josephmccraw/Documents/GitHub/NativeUIAuditKit/.build/native-os-focus/DerivedData/Build/Products/Debug-appletvsimulator/NativeOSFocusTests.swiftmodule/Project/x86_64-apple-tvos-simulator.swiftsourceinfo /Users/josephmccraw/Documents/GitHub/NativeUIAuditKit/.build/native-os-focus/DerivedData/Build/Intermediates.noindex/NativeOSFocus.build/Debug-appletvsimulator/NativeOSFocusTests.build/Objects-normal/x86_64/NativeOSFocusTests.swiftsourceinfo (in target 'NativeOSFocusTests' from project 'NativeOSFocus')
    cd /Users/josephmccraw/Documents/GitHub/NativeUIAuditKit/NativeOSFocus
    builtin-copy -exclude .DS_Store -exclude CVS -exclude .svn -exclude .git -exclude .hg -strip-unsigned-binaries -strip-deterministic -strip-tool /Applications/Xcode.app/Contents/Developer/Toolchains/XcodeDefault.xctoolchain/usr/bin/strip -resolve-src-symlinks -rename /Users/josephmccraw/Documents/GitHub/NativeUIAuditKit/.build/native-os-focus/DerivedData/Build/Intermediates.noindex/NativeOSFocus.build/Debug-appletvsimulator/NativeOSFocusTests.build/Objects-normal/x86_64/NativeOSFocusTests.swiftsourceinfo /Users/josephmccraw/Documents/GitHub/NativeUIAuditKit/.build/native-os-focus/DerivedData/Build/Products/Debug-appletvsimulator/NativeOSFocusTests.swiftmodule/Project/x86_64-apple-tvos-simulator.swiftsourceinfo

SwiftCompile normal arm64 Compiling\ NativeOSFocusTests.swift /Users/josephmccraw/Documents/GitHub/NativeUIAuditKit/NativeOSFocus/NativeOSFocusTests.swift (in target 'NativeOSFocusTests' from project 'NativeOSFocus')
SwiftCompile normal arm64 /Users/josephmccraw/Documents/GitHub/NativeUIAuditKit/NativeOSFocus/NativeOSFocusTests.swift (in target 'NativeOSFocusTests' from project 'NativeOSFocus')
    cd /Users/josephmccraw/Documents/GitHub/NativeUIAuditKit/NativeOSFocus
    
/Users/josephmccraw/Documents/GitHub/NativeUIAuditKit/NativeOSFocus/NativeOSFocusTests.swift:21:13: warning: immutable property will not be decoded because it is declared with an initial value which cannot be overwritten
        let version = "native-os-focus-observation-v1"
            ^
/Users/josephmccraw/Documents/GitHub/NativeUIAuditKit/NativeOSFocus/NativeOSFocusTests.swift:21:13: note: set the initial value via the initializer or explicitly define a CodingKeys enum including a 'version' case to silence this warning
        let version = "native-os-focus-observation-v1"
            ^
/Users/josephmccraw/Documents/GitHub/NativeUIAuditKit/NativeOSFocus/NativeOSFocusTests.swift:21:13: note: make the property mutable instead
        let version = "native-os-focus-observation-v1"
        ~~~ ^
        var
/Users/josephmccraw/Documents/GitHub/NativeUIAuditKit/NativeOSFocus/NativeOSFocusTests.swift:22:13: warning: immutable property will not be decoded because it is declared with an initial value which cannot be overwritten
        let sourceKind = "tvos_simulator_os"
            ^
/Users/josephmccraw/Documents/GitHub/NativeUIAuditKit/NativeOSFocus/NativeOSFocusTests.swift:22:13: note: set the initial value via the initializer or explicitly define a CodingKeys enum including a 'sourceKind' case to silence this warning
        let sourceKind = "tvos_simulator_os"
            ^
/Users/josephmccraw/Documents/GitHub/NativeUIAuditKit/NativeOSFocus/NativeOSFocusTests.swift:22:13: note: make the property mutable instead
        let sourceKind = "tvos_simulator_os"
        ~~~ ^
        var
/Users/josephmccraw/Documents/GitHub/NativeUIAuditKit/NativeOSFocus/NativeOSFocusTests.swift:23:13: warning: immutable property will not be decoded because it is declared with an initial value which cannot be overwritten
        let eligibility = "development-review-required"
            ^
/Users/josephmccraw/Documents/GitHub/NativeUIAuditKit/NativeOSFocus/NativeOSFocusTests.swift:23:13: note: set the initial value via the initializer or explicitly define a CodingKeys enum including a 'eligibility' case to silence this warning
        let eligibility = "development-review-required"
            ^
/Users/josephmccraw/Documents/GitHub/NativeUIAuditKit/NativeOSFocus/NativeOSFocusTests.swift:23:13: note: make the property mutable instead
        let eligibility = "development-review-required"
        ~~~ ^
        var

SwiftEmitModule normal arm64 Emitting\ module\ for\ NativeOSFocusTests (in target 'NativeOSFocusTests' from project 'NativeOSFocus')

SwiftCompile normal arm64 /Users/josephmccraw/Documents/GitHub/NativeUIAuditKit/NativeOSFocus/NativeOSFocusTests.swift (in target 'NativeOSFocusTests' from project 'NativeOSFocus')
    cd /Users/josephmccraw/Documents/GitHub/NativeUIAuditKit/NativeOSFocus
    

SwiftDriverJobDiscovery normal arm64 Emitting module for NativeOSFocusTests (in target 'NativeOSFocusTests' from project 'NativeOSFocus')

SwiftDriver\ Compilation\ Requirements NativeOSFocusTests normal arm64 com.apple.xcode.tools.swift.compiler (in target 'NativeOSFocusTests' from project 'NativeOSFocus')
    cd /Users/josephmccraw/Documents/GitHub/NativeUIAuditKit/NativeOSFocus
    builtin-Swift-Compilation-Requirements -- /Applications/Xcode.app/Contents/Developer/Toolchains/XcodeDefault.xctoolchain/usr/bin/swiftc -module-name NativeOSFocusTests -O @/Users/josephmccraw/Documents/GitHub/NativeUIAuditKit/.build/native-os-focus/DerivedData/Build/Intermediates.noindex/NativeOSFocus.build/Debug-appletvsimulator/NativeOSFocusTests.build/Objects-normal/arm64/NativeOSFocusTests.SwiftFileList -module-alias Testing\=_Testing_Unavailable -plugin-path /Applications/Xcode.app/Contents/Developer/Toolchains/XcodeDefault.xctoolchain/usr/lib/swift/host/plugins/testing -enable-experimental-feature DebugDescriptionMacro -sdk /Applications/Xcode.app/Contents/Developer/Platforms/AppleTVSimulator.platform/Developer/SDKs/AppleTVSimulator26.5.sdk -target arm64-apple-tvos18.0-simulator -g -module-cache-path /Users/josephmccraw/Documents/GitHub/NativeUIAuditKit/.build/native-os-focus/module-cache -Xfrontend -serialize-debugging-options -swift-version 6 -I /Users/josephmccraw/Documents/GitHub/NativeUIAuditKit/.build/native-os-focus/DerivedData/Build/Products/Debug-appletvsimulator -Isystem /Applications/Xcode.app/Contents/Developer/Platforms/AppleTVSimulator.platform/Developer/usr/lib -F /Users/josephmccraw/Documents/GitHub/NativeUIAuditKit/.build/native-os-focus/DerivedData/Build/Products/Debug-appletvsimulator -F /Applications/Xcode.app/Contents/Developer/Platforms/AppleTVSimulator.platform/Developer/Library/Frameworks -F /Applications/Xcode.app/Contents/Developer/Platforms/AppleTVSimulator.platform/Developer/SDKs/AppleTVSimulator26.5.sdk/Developer/Library/Frameworks -parse-as-library -c -j10 -enable-batch-mode -incremental -Xcc -ivfsstatcache -Xcc /Users/josephmccraw/Documents/GitHub/NativeUIAuditKit/.build/native-os-focus/DerivedData/SDKStatCaches.noindex/appletvsimulator26.5-23L470-3434e82a2ee0c2054baaa80ae3ef1269.sdkstatcache -output-file-map /Users/josephmccraw/Documents/GitHub/NativeUIAuditKit/.build/native-os-focus/DerivedData/Build/Intermediates.noindex/NativeOSFocus.build/Debug-appletvsimulator/NativeOSFocusTests.build/Objects-normal/arm64/NativeOSFocusTests-OutputFileMap.json -use-frontend-parseable-output -save-temps -no-color-diagnostics -explicit-module-build -module-cache-path /Users/josephmccraw/Documents/GitHub/NativeUIAuditKit/.build/native-os-focus/DerivedData/Build/Intermediates.noindex/SwiftExplicitPrecompiledModules -clang-scanner-module-cache-path /Users/josephmccraw/Documents/GitHub/NativeUIAuditKit/.build/native-os-focus/DerivedData/ModuleCache.noindex -sdk-module-cache-path /Users/josephmccraw/Documents/GitHub/NativeUIAuditKit/.build/native-os-focus/DerivedData/ModuleCache.noindex -serialize-diagnostics -emit-dependencies -emit-module -emit-module-path /Users/josephmccraw/Documents/GitHub/NativeUIAuditKit/.build/native-os-focus/DerivedData/Build/Intermediates.noindex/NativeOSFocus.build/Debug-appletvsimulator/NativeOSFocusTests.build/Objects-normal/arm64/NativeOSFocusTests.swiftmodule -validate-clang-modules-once -clang-build-session-file /Users/josephmccraw/Documents/GitHub/NativeUIAuditKit/.build/native-os-focus/DerivedData/ModuleCache.noindex/Session.modulevalidation -Xcc -I/Users/josephmccraw/Documents/GitHub/NativeUIAuditKit/.build/native-os-focus/DerivedData/Build/Intermediates.noindex/NativeOSFocus.build/Debug-appletvsimulator/NativeOSFocusTests.build/swift-overrides.hmap -emit-const-values -Xfrontend -const-gather-protocols-file -Xfrontend /Users/josephmccraw/Documents/GitHub/NativeUIAuditKit/.build/native-os-focus/DerivedData/Build/Intermediates.noindex/NativeOSFocus.build/Debug-appletvsimulator/NativeOSFocusTests.build/Objects-normal/arm64/NativeOSFocusTests_const_extract_protocols.json -Xcc -iquote -Xcc /Users/josephmccraw/Documents/GitHub/NativeUIAuditKit/.build/native-os-focus/DerivedData/Build/Intermediates.noindex/NativeOSFocus.build/Debug-appletvsimulator/NativeOSFocusTests.build/NativeOSFocusTests-generated-files.hmap -Xcc -I/Users/josephmccraw/Documents/GitHub/NativeUIAuditKit/.build/native-os-focus/DerivedData/Build/Intermediates.noindex/NativeOSFocus.build/Debug-appletvsimulator/NativeOSFocusTests.build/NativeOSFocusTests-own-target-headers.hmap -Xcc -I/Users/josephmccraw/Documents/GitHub/NativeUIAuditKit/.build/native-os-focus/DerivedData/Build/Intermediates.noindex/NativeOSFocus.build/Debug-appletvsimulator/NativeOSFocusTests.build/NativeOSFocusTests-all-target-headers.hmap -Xcc -iquote -Xcc /Users/josephmccraw/Documents/GitHub/NativeUIAuditKit/.build/native-os-focus/DerivedData/Build/Intermediates.noindex/NativeOSFocus.build/Debug-appletvsimulator/NativeOSFocusTests.build/NativeOSFocusTests-project-headers.hmap -Xcc -I/Users/josephmccraw/Documents/GitHub/NativeUIAuditKit/.build/native-os-focus/DerivedData/Build/Products/Debug-appletvsimulator/include -Xcc -I/Users/josephmccraw/Documents/GitHub/NativeUIAuditKit/.build/native-os-focus/DerivedData/Build/Intermediates.noindex/NativeOSFocus.build/Debug-appletvsimulator/NativeOSFocusTests.build/DerivedSources-normal/arm64 -Xcc -I/Users/josephmccraw/Documents/GitHub/NativeUIAuditKit/.build/native-os-focus/DerivedData/Build/Intermediates.noindex/NativeOSFocus.build/Debug-appletvsimulator/NativeOSFocusTests.build/DerivedSources/arm64 -Xcc -I/Users/josephmccraw/Documents/GitHub/NativeUIAuditKit/.build/native-os-focus/DerivedData/Build/Intermediates.noindex/NativeOSFocus.build/Debug-appletvsimulator/NativeOSFocusTests.build/DerivedSources -emit-objc-header -emit-objc-header-path /Users/josephmccraw/Documents/GitHub/NativeUIAuditKit/.build/native-os-focus/DerivedData/Build/Intermediates.noindex/NativeOSFocus.build/Debug-appletvsimulator/NativeOSFocusTests.build/Objects-normal/arm64/NativeOSFocusTests-Swift.h -working-directory /Users/josephmccraw/Documents/GitHub/NativeUIAuditKit/NativeOSFocus -experimental-emit-module-separately -disable-cmo

SwiftMergeGeneratedHeaders /Users/josephmccraw/Documents/GitHub/NativeUIAuditKit/.build/native-os-focus/DerivedData/Build/Intermediates.noindex/NativeOSFocus.build/Debug-appletvsimulator/NativeOSFocusTests.build/DerivedSources/NativeOSFocusTests-Swift.h /Users/josephmccraw/Documents/GitHub/NativeUIAuditKit/.build/native-os-focus/DerivedData/Build/Intermediates.noindex/NativeOSFocus.build/Debug-appletvsimulator/NativeOSFocusTests.build/Objects-normal/arm64/NativeOSFocusTests-Swift.h /Users/josephmccraw/Documents/GitHub/NativeUIAuditKit/.build/native-os-focus/DerivedData/Build/Intermediates.noindex/NativeOSFocus.build/Debug-appletvsimulator/NativeOSFocusTests.build/Objects-normal/x86_64/NativeOSFocusTests-Swift.h (in target 'NativeOSFocusTests' from project 'NativeOSFocus')
    cd /Users/josephmccraw/Documents/GitHub/NativeUIAuditKit/NativeOSFocus
    builtin-swiftHeaderTool -arch arm64 /Users/josephmccraw/Documents/GitHub/NativeUIAuditKit/.build/native-os-focus/DerivedData/Build/Intermediates.noindex/NativeOSFocus.build/Debug-appletvsimulator/NativeOSFocusTests.build/Objects-normal/arm64/NativeOSFocusTests-Swift.h -arch x86_64 /Users/josephmccraw/Documents/GitHub/NativeUIAuditKit/.build/native-os-focus/DerivedData/Build/Intermediates.noindex/NativeOSFocus.build/Debug-appletvsimulator/NativeOSFocusTests.build/Objects-normal/x86_64/NativeOSFocusTests-Swift.h -o /Users/josephmccraw/Documents/GitHub/NativeUIAuditKit/.build/native-os-focus/DerivedData/Build/Intermediates.noindex/NativeOSFocus.build/Debug-appletvsimulator/NativeOSFocusTests.build/DerivedSources/NativeOSFocusTests-Swift.h

Copy /Users/josephmccraw/Documents/GitHub/NativeUIAuditKit/.build/native-os-focus/DerivedData/Build/Products/Debug-appletvsimulator/NativeOSFocusTests.swiftmodule/arm64-apple-tvos-simulator.swiftmodule /Users/josephmccraw/Documents/GitHub/NativeUIAuditKit/.build/native-os-focus/DerivedData/Build/Intermediates.noindex/NativeOSFocus.build/Debug-appletvsimulator/NativeOSFocusTests.build/Objects-normal/arm64/NativeOSFocusTests.swiftmodule (in target 'NativeOSFocusTests' from project 'NativeOSFocus')
    cd /Users/josephmccraw/Documents/GitHub/NativeUIAuditKit/NativeOSFocus
    builtin-copy -exclude .DS_Store -exclude CVS -exclude .svn -exclude .git -exclude .hg -strip-unsigned-binaries -strip-deterministic -strip-tool /Applications/Xcode.app/Contents/Developer/Toolchains/XcodeDefault.xctoolchain/usr/bin/strip -resolve-src-symlinks -rename /Users/josephmccraw/Documents/GitHub/NativeUIAuditKit/.build/native-os-focus/DerivedData/Build/Intermediates.noindex/NativeOSFocus.build/Debug-appletvsimulator/NativeOSFocusTests.build/Objects-normal/arm64/NativeOSFocusTests.swiftmodule /Users/josephmccraw/Documents/GitHub/NativeUIAuditKit/.build/native-os-focus/DerivedData/Build/Products/Debug-appletvsimulator/NativeOSFocusTests.swiftmodule/arm64-apple-tvos-simulator.swiftmodule

Copy /Users/josephmccraw/Documents/GitHub/NativeUIAuditKit/.build/native-os-focus/DerivedData/Build/Products/Debug-appletvsimulator/NativeOSFocusTests.swiftmodule/arm64-apple-tvos-simulator.swiftdoc /Users/josephmccraw/Documents/GitHub/NativeUIAuditKit/.build/native-os-focus/DerivedData/Build/Intermediates.noindex/NativeOSFocus.build/Debug-appletvsimulator/NativeOSFocusTests.build/Objects-normal/arm64/NativeOSFocusTests.swiftdoc (in target 'NativeOSFocusTests' from project 'NativeOSFocus')
    cd /Users/josephmccraw/Documents/GitHub/NativeUIAuditKit/NativeOSFocus
    builtin-copy -exclude .DS_Store -exclude CVS -exclude .svn -exclude .git -exclude .hg -strip-unsigned-binaries -strip-deterministic -strip-tool /Applications/Xcode.app/Contents/Developer/Toolchains/XcodeDefault.xctoolchain/usr/bin/strip -resolve-src-symlinks -rename /Users/josephmccraw/Documents/GitHub/NativeUIAuditKit/.build/native-os-focus/DerivedData/Build/Intermediates.noindex/NativeOSFocus.build/Debug-appletvsimulator/NativeOSFocusTests.build/Objects-normal/arm64/NativeOSFocusTests.swiftdoc /Users/josephmccraw/Documents/GitHub/NativeUIAuditKit/.build/native-os-focus/DerivedData/Build/Products/Debug-appletvsimulator/NativeOSFocusTests.swiftmodule/arm64-apple-tvos-simulator.swiftdoc

Copy /Users/josephmccraw/Documents/GitHub/NativeUIAuditKit/.build/native-os-focus/DerivedData/Build/Products/Debug-appletvsimulator/NativeOSFocusTests.swiftmodule/arm64-apple-tvos-simulator.abi.json /Users/josephmccraw/Documents/GitHub/NativeUIAuditKit/.build/native-os-focus/DerivedData/Build/Intermediates.noindex/NativeOSFocus.build/Debug-appletvsimulator/NativeOSFocusTests.build/Objects-normal/arm64/NativeOSFocusTests.abi.json (in target 'NativeOSFocusTests' from project 'NativeOSFocus')
    cd /Users/josephmccraw/Documents/GitHub/NativeUIAuditKit/NativeOSFocus
    builtin-copy -exclude .DS_Store -exclude CVS -exclude .svn -exclude .git -exclude .hg -strip-unsigned-binaries -strip-deterministic -strip-tool /Applications/Xcode.app/Contents/Developer/Toolchains/XcodeDefault.xctoolchain/usr/bin/strip -resolve-src-symlinks -rename /Users/josephmccraw/Documents/GitHub/NativeUIAuditKit/.build/native-os-focus/DerivedData/Build/Intermediates.noindex/NativeOSFocus.build/Debug-appletvsimulator/NativeOSFocusTests.build/Objects-normal/arm64/NativeOSFocusTests.abi.json /Users/josephmccraw/Documents/GitHub/NativeUIAuditKit/.build/native-os-focus/DerivedData/Build/Products/Debug-appletvsimulator/NativeOSFocusTests.swiftmodule/arm64-apple-tvos-simulator.abi.json

Copy /Users/josephmccraw/Documents/GitHub/NativeUIAuditKit/.build/native-os-focus/DerivedData/Build/Products/Debug-appletvsimulator/NativeOSFocusTests.swiftmodule/Project/arm64-apple-tvos-simulator.swiftsourceinfo /Users/josephmccraw/Documents/GitHub/NativeUIAuditKit/.build/native-os-focus/DerivedData/Build/Intermediates.noindex/NativeOSFocus.build/Debug-appletvsimulator/NativeOSFocusTests.build/Objects-normal/arm64/NativeOSFocusTests.swiftsourceinfo (in target 'NativeOSFocusTests' from project 'NativeOSFocus')
    cd /Users/josephmccraw/Documents/GitHub/NativeUIAuditKit/NativeOSFocus
    builtin-copy -exclude .DS_Store -exclude CVS -exclude .svn -exclude .git -exclude .hg -strip-unsigned-binaries -strip-deterministic -strip-tool /Applications/Xcode.app/Contents/Developer/Toolchains/XcodeDefault.xctoolchain/usr/bin/strip -resolve-src-symlinks -rename /Users/josephmccraw/Documents/GitHub/NativeUIAuditKit/.build/native-os-focus/DerivedData/Build/Intermediates.noindex/NativeOSFocus.build/Debug-appletvsimulator/NativeOSFocusTests.build/Objects-normal/arm64/NativeOSFocusTests.swiftsourceinfo /Users/josephmccraw/Documents/GitHub/NativeUIAuditKit/.build/native-os-focus/DerivedData/Build/Products/Debug-appletvsimulator/NativeOSFocusTests.swiftmodule/Project/arm64-apple-tvos-simulator.swiftsourceinfo

SwiftDriverJobDiscovery normal x86_64 Compiling NativeOSFocusTests.swift (in target 'NativeOSFocusTests' from project 'NativeOSFocus')

SwiftDriver\ Compilation NativeOSFocusTests normal x86_64 com.apple.xcode.tools.swift.compiler (in target 'NativeOSFocusTests' from project 'NativeOSFocus')
    cd /Users/josephmccraw/Documents/GitHub/NativeUIAuditKit/NativeOSFocus
    builtin-Swift-Compilation -- /Applications/Xcode.app/Contents/Developer/Toolchains/XcodeDefault.xctoolchain/usr/bin/swiftc -module-name NativeOSFocusTests -O @/Users/josephmccraw/Documents/GitHub/NativeUIAuditKit/.build/native-os-focus/DerivedData/Build/Intermediates.noindex/NativeOSFocus.build/Debug-appletvsimulator/NativeOSFocusTests.build/Objects-normal/x86_64/NativeOSFocusTests.SwiftFileList -module-alias Testing\=_Testing_Unavailable -plugin-path /Applications/Xcode.app/Contents/Developer/Toolchains/XcodeDefault.xctoolchain/usr/lib/swift/host/plugins/testing -enable-experimental-feature DebugDescriptionMacro -sdk /Applications/Xcode.app/Contents/Developer/Platforms/AppleTVSimulator.platform/Developer/SDKs/AppleTVSimulator26.5.sdk -target x86_64-apple-tvos18.0-simulator -g -module-cache-path /Users/josephmccraw/Documents/GitHub/NativeUIAuditKit/.build/native-os-focus/module-cache -Xfrontend -serialize-debugging-options -swift-version 6 -I /Users/josephmccraw/Documents/GitHub/NativeUIAuditKit/.build/native-os-focus/DerivedData/Build/Products/Debug-appletvsimulator -Isystem /Applications/Xcode.app/Contents/Developer/Platforms/AppleTVSimulator.platform/Developer/usr/lib -F /Users/josephmccraw/Documents/GitHub/NativeUIAuditKit/.build/native-os-focus/DerivedData/Build/Products/Debug-appletvsimulator -F /Applications/Xcode.app/Contents/Developer/Platforms/AppleTVSimulator.platform/Developer/Library/Frameworks -F /Applications/Xcode.app/Contents/Developer/Platforms/AppleTVSimulator.platform/Developer/SDKs/AppleTVSimulator26.5.sdk/Developer/Library/Frameworks -parse-as-library -c -j10 -enable-batch-mode -incremental -Xcc -ivfsstatcache -Xcc /Users/josephmccraw/Documents/GitHub/NativeUIAuditKit/.build/native-os-focus/DerivedData/SDKStatCaches.noindex/appletvsimulator26.5-23L470-3434e82a2ee0c2054baaa80ae3ef1269.sdkstatcache -output-file-map /Users/josephmccraw/Documents/GitHub/NativeUIAuditKit/.build/native-os-focus/DerivedData/Build/Intermediates.noindex/NativeOSFocus.build/Debug-appletvsimulator/NativeOSFocusTests.build/Objects-normal/x86_64/NativeOSFocusTests-OutputFileMap.json -use-frontend-parseable-output -save-temps -no-color-diagnostics -explicit-module-build -module-cache-path /Users/josephmccraw/Documents/GitHub/NativeUIAuditKit/.build/native-os-focus/DerivedData/Build/Intermediates.noindex/SwiftExplicitPrecompiledModules -clang-scanner-module-cache-path /Users/josephmccraw/Documents/GitHub/NativeUIAuditKit/.build/native-os-focus/DerivedData/ModuleCache.noindex -sdk-module-cache-path /Users/josephmccraw/Documents/GitHub/NativeUIAuditKit/.build/native-os-focus/DerivedData/ModuleCache.noindex -serialize-diagnostics -emit-dependencies -emit-module -emit-module-path /Users/josephmccraw/Documents/GitHub/NativeUIAuditKit/.build/native-os-focus/DerivedData/Build/Intermediates.noindex/NativeOSFocus.build/Debug-appletvsimulator/NativeOSFocusTests.build/Objects-normal/x86_64/NativeOSFocusTests.swiftmodule -validate-clang-modules-once -clang-build-session-file /Users/josephmccraw/Documents/GitHub/NativeUIAuditKit/.build/native-os-focus/DerivedData/ModuleCache.noindex/Session.modulevalidation -Xcc -I/Users/josephmccraw/Documents/GitHub/NativeUIAuditKit/.build/native-os-focus/DerivedData/Build/Intermediates.noindex/NativeOSFocus.build/Debug-appletvsimulator/NativeOSFocusTests.build/swift-overrides.hmap -emit-const-values -Xfrontend -const-gather-protocols-file -Xfrontend /Users/josephmccraw/Documents/GitHub/NativeUIAuditKit/.build/native-os-focus/DerivedData/Build/Intermediates.noindex/NativeOSFocus.build/Debug-appletvsimulator/NativeOSFocusTests.build/Objects-normal/x86_64/NativeOSFocusTests_const_extract_protocols.json -Xcc -iquote -Xcc /Users/josephmccraw/Documents/GitHub/NativeUIAuditKit/.build/native-os-focus/DerivedData/Build/Intermediates.noindex/NativeOSFocus.build/Debug-appletvsimulator/NativeOSFocusTests.build/NativeOSFocusTests-generated-files.hmap -Xcc -I/Users/josephmccraw/Documents/GitHub/NativeUIAuditKit/.build/native-os-focus/DerivedData/Build/Intermediates.noindex/NativeOSFocus.build/Debug-appletvsimulator/NativeOSFocusTests.build/NativeOSFocusTests-own-target-headers.hmap -Xcc -I/Users/josephmccraw/Documents/GitHub/NativeUIAuditKit/.build/native-os-focus/DerivedData/Build/Intermediates.noindex/NativeOSFocus.build/Debug-appletvsimulator/NativeOSFocusTests.build/NativeOSFocusTests-all-target-headers.hmap -Xcc -iquote -Xcc /Users/josephmccraw/Documents/GitHub/NativeUIAuditKit/.build/native-os-focus/DerivedData/Build/Intermediates.noindex/NativeOSFocus.build/Debug-appletvsimulator/NativeOSFocusTests.build/NativeOSFocusTests-project-headers.hmap -Xcc -I/Users/josephmccraw/Documents/GitHub/NativeUIAuditKit/.build/native-os-focus/DerivedData/Build/Products/Debug-appletvsimulator/include -Xcc -I/Users/josephmccraw/Documents/GitHub/NativeUIAuditKit/.build/native-os-focus/DerivedData/Build/Intermediates.noindex/NativeOSFocus.build/Debug-appletvsimulator/NativeOSFocusTests.build/DerivedSources-normal/x86_64 -Xcc -I/Users/josephmccraw/Documents/GitHub/NativeUIAuditKit/.build/native-os-focus/DerivedData/Build/Intermediates.noindex/NativeOSFocus.build/Debug-appletvsimulator/NativeOSFocusTests.build/DerivedSources/x86_64 -Xcc -I/Users/josephmccraw/Documents/GitHub/NativeUIAuditKit/.build/native-os-focus/DerivedData/Build/Intermediates.noindex/NativeOSFocus.build/Debug-appletvsimulator/NativeOSFocusTests.build/DerivedSources -emit-objc-header -emit-objc-header-path /Users/josephmccraw/Documents/GitHub/NativeUIAuditKit/.build/native-os-focus/DerivedData/Build/Intermediates.noindex/NativeOSFocus.build/Debug-appletvsimulator/NativeOSFocusTests.build/Objects-normal/x86_64/NativeOSFocusTests-Swift.h -working-directory /Users/josephmccraw/Documents/GitHub/NativeUIAuditKit/NativeOSFocus -experimental-emit-module-separately -disable-cmo

Ld /Users/josephmccraw/Documents/GitHub/NativeUIAuditKit/.build/native-os-focus/DerivedData/Build/Intermediates.noindex/NativeOSFocus.build/Debug-appletvsimulator/NativeOSFocusTests.build/Objects-normal/x86_64/Binary/NativeOSFocusTests normal x86_64 (in target 'NativeOSFocusTests' from project 'NativeOSFocus')
    cd /Users/josephmccraw/Documents/GitHub/NativeUIAuditKit/NativeOSFocus
    /Applications/Xcode.app/Contents/Developer/Toolchains/XcodeDefault.xctoolchain/usr/bin/clang -Xlinker -reproducible -target x86_64-apple-tvos18.0-simulator -bundle -isysroot /Applications/Xcode.app/Contents/Developer/Platforms/AppleTVSimulator.platform/Developer/SDKs/AppleTVSimulator26.5.sdk -Os -L/Users/josephmccraw/Documents/GitHub/NativeUIAuditKit/.build/native-os-focus/DerivedData/Build/Intermediates.noindex/EagerLinkingTBDs/Debug-appletvsimulator -L/Users/josephmccraw/Documents/GitHub/NativeUIAuditKit/.build/native-os-focus/DerivedData/Build/Products/Debug-appletvsimulator -L/Applications/Xcode.app/Contents/Developer/Platforms/AppleTVSimulator.platform/Developer/usr/lib -F/Users/josephmccraw/Documents/GitHub/NativeUIAuditKit/.build/native-os-focus/DerivedData/Build/Intermediates.noindex/EagerLinkingTBDs/Debug-appletvsimulator -F/Users/josephmccraw/Documents/GitHub/NativeUIAuditKit/.build/native-os-focus/DerivedData/Build/Products/Debug-appletvsimulator -iframework /Applications/Xcode.app/Contents/Developer/Platforms/AppleTVSimulator.platform/Developer/Library/Frameworks -iframework /Applications/Xcode.app/Contents/Developer/Platforms/AppleTVSimulator.platform/Developer/SDKs/AppleTVSimulator26.5.sdk/Developer/Library/Frameworks -filelist /Users/josephmccraw/Documents/GitHub/NativeUIAuditKit/.build/native-os-focus/DerivedData/Build/Intermediates.noindex/NativeOSFocus.build/Debug-appletvsimulator/NativeOSFocusTests.build/Objects-normal/x86_64/NativeOSFocusTests.LinkFileList -Xlinker -rpath -Xlinker /usr/lib/swift -Xlinker -rpath -Xlinker @loader_path/Frameworks -Xlinker -dead_strip -Xlinker -object_path_lto -Xlinker /Users/josephmccraw/Documents/GitHub/NativeUIAuditKit/.build/native-os-focus/DerivedData/Build/Intermediates.noindex/NativeOSFocus.build/Debug-appletvsimulator/NativeOSFocusTests.build/Objects-normal/x86_64/NativeOSFocusTests_lto.o -Xlinker -objc_abi_version -Xlinker 2 -Xlinker -dependency_info -Xlinker /Users/josephmccraw/Documents/GitHub/NativeUIAuditKit/.build/native-os-focus/DerivedData/Build/Intermediates.noindex/NativeOSFocus.build/Debug-appletvsimulator/NativeOSFocusTests.build/Objects-normal/x86_64/NativeOSFocusTests_dependency_info.dat -fobjc-link-runtime -L/Applications/Xcode.app/Contents/Developer/Toolchains/XcodeDefault.xctoolchain/usr/lib/swift/appletvsimulator -L/usr/lib/swift -Xlinker -add_ast_path -Xlinker /Users/josephmccraw/Documents/GitHub/NativeUIAuditKit/.build/native-os-focus/DerivedData/Build/Intermediates.noindex/NativeOSFocus.build/Debug-appletvsimulator/NativeOSFocusTests.build/Objects-normal/x86_64/NativeOSFocusTests.swiftmodule @/Users/josephmccraw/Documents/GitHub/NativeUIAuditKit/.build/native-os-focus/DerivedData/Build/Intermediates.noindex/NativeOSFocus.build/Debug-appletvsimulator/NativeOSFocusTests.build/Objects-normal/x86_64/NativeOSFocusTests-linker-args.resp -Xlinker -needed_framework -Xlinker XCTest -framework XCTest -Xlinker -needed-lXCTestSwiftSupport -lXCTestSwiftSupport -Xlinker -sectcreate -Xlinker __TEXT -Xlinker __entitlements -Xlinker /Users/josephmccraw/Documents/GitHub/NativeUIAuditKit/.build/native-os-focus/DerivedData/Build/Intermediates.noindex/NativeOSFocus.build/Debug-appletvsimulator/NativeOSFocusTests.build/NativeOSFocusTests.xctest-Simulated.xcent -Xlinker -sectcreate -Xlinker __TEXT -Xlinker __ents_der -Xlinker /Users/josephmccraw/Documents/GitHub/NativeUIAuditKit/.build/native-os-focus/DerivedData/Build/Intermediates.noindex/NativeOSFocus.build/Debug-appletvsimulator/NativeOSFocusTests.build/NativeOSFocusTests.xctest-Simulated.xcent.der -Xlinker -no_adhoc_codesign -o /Users/josephmccraw/Documents/GitHub/NativeUIAuditKit/.build/native-os-focus/DerivedData/Build/Intermediates.noindex/NativeOSFocus.build/Debug-appletvsimulator/NativeOSFocusTests.build/Objects-normal/x86_64/Binary/NativeOSFocusTests

SwiftDriverJobDiscovery normal arm64 Compiling NativeOSFocusTests.swift (in target 'NativeOSFocusTests' from project 'NativeOSFocus')

SwiftDriver\ Compilation NativeOSFocusTests normal arm64 com.apple.xcode.tools.swift.compiler (in target 'NativeOSFocusTests' from project 'NativeOSFocus')
    cd /Users/josephmccraw/Documents/GitHub/NativeUIAuditKit/NativeOSFocus
    builtin-Swift-Compilation -- /Applications/Xcode.app/Contents/Developer/Toolchains/XcodeDefault.xctoolchain/usr/bin/swiftc -module-name NativeOSFocusTests -O @/Users/josephmccraw/Documents/GitHub/NativeUIAuditKit/.build/native-os-focus/DerivedData/Build/Intermediates.noindex/NativeOSFocus.build/Debug-appletvsimulator/NativeOSFocusTests.build/Objects-normal/arm64/NativeOSFocusTests.SwiftFileList -module-alias Testing\=_Testing_Unavailable -plugin-path /Applications/Xcode.app/Contents/Developer/Toolchains/XcodeDefault.xctoolchain/usr/lib/swift/host/plugins/testing -enable-experimental-feature DebugDescriptionMacro -sdk /Applications/Xcode.app/Contents/Developer/Platforms/AppleTVSimulator.platform/Developer/SDKs/AppleTVSimulator26.5.sdk -target arm64-apple-tvos18.0-simulator -g -module-cache-path /Users/josephmccraw/Documents/GitHub/NativeUIAuditKit/.build/native-os-focus/module-cache -Xfrontend -serialize-debugging-options -swift-version 6 -I /Users/josephmccraw/Documents/GitHub/NativeUIAuditKit/.build/native-os-focus/DerivedData/Build/Products/Debug-appletvsimulator -Isystem /Applications/Xcode.app/Contents/Developer/Platforms/AppleTVSimulator.platform/Developer/usr/lib -F /Users/josephmccraw/Documents/GitHub/NativeUIAuditKit/.build/native-os-focus/DerivedData/Build/Products/Debug-appletvsimulator -F /Applications/Xcode.app/Contents/Developer/Platforms/AppleTVSimulator.platform/Developer/Library/Frameworks -F /Applications/Xcode.app/Contents/Developer/Platforms/AppleTVSimulator.platform/Developer/SDKs/AppleTVSimulator26.5.sdk/Developer/Library/Frameworks -parse-as-library -c -j10 -enable-batch-mode -incremental -Xcc -ivfsstatcache -Xcc /Users/josephmccraw/Documents/GitHub/NativeUIAuditKit/.build/native-os-focus/DerivedData/SDKStatCaches.noindex/appletvsimulator26.5-23L470-3434e82a2ee0c2054baaa80ae3ef1269.sdkstatcache -output-file-map /Users/josephmccraw/Documents/GitHub/NativeUIAuditKit/.build/native-os-focus/DerivedData/Build/Intermediates.noindex/NativeOSFocus.build/Debug-appletvsimulator/NativeOSFocusTests.build/Objects-normal/arm64/NativeOSFocusTests-OutputFileMap.json -use-frontend-parseable-output -save-temps -no-color-diagnostics -explicit-module-build -module-cache-path /Users/josephmccraw/Documents/GitHub/NativeUIAuditKit/.build/native-os-focus/DerivedData/Build/Intermediates.noindex/SwiftExplicitPrecompiledModules -clang-scanner-module-cache-path /Users/josephmccraw/Documents/GitHub/NativeUIAuditKit/.build/native-os-focus/DerivedData/ModuleCache.noindex -sdk-module-cache-path /Users/josephmccraw/Documents/GitHub/NativeUIAuditKit/.build/native-os-focus/DerivedData/ModuleCache.noindex -serialize-diagnostics -emit-dependencies -emit-module -emit-module-path /Users/josephmccraw/Documents/GitHub/NativeUIAuditKit/.build/native-os-focus/DerivedData/Build/Intermediates.noindex/NativeOSFocus.build/Debug-appletvsimulator/NativeOSFocusTests.build/Objects-normal/arm64/NativeOSFocusTests.swiftmodule -validate-clang-modules-once -clang-build-session-file /Users/josephmccraw/Documents/GitHub/NativeUIAuditKit/.build/native-os-focus/DerivedData/ModuleCache.noindex/Session.modulevalidation -Xcc -I/Users/josephmccraw/Documents/GitHub/NativeUIAuditKit/.build/native-os-focus/DerivedData/Build/Intermediates.noindex/NativeOSFocus.build/Debug-appletvsimulator/NativeOSFocusTests.build/swift-overrides.hmap -emit-const-values -Xfrontend -const-gather-protocols-file -Xfrontend /Users/josephmccraw/Documents/GitHub/NativeUIAuditKit/.build/native-os-focus/DerivedData/Build/Intermediates.noindex/NativeOSFocus.build/Debug-appletvsimulator/NativeOSFocusTests.build/Objects-normal/arm64/NativeOSFocusTests_const_extract_protocols.json -Xcc -iquote -Xcc /Users/josephmccraw/Documents/GitHub/NativeUIAuditKit/.build/native-os-focus/DerivedData/Build/Intermediates.noindex/NativeOSFocus.build/Debug-appletvsimulator/NativeOSFocusTests.build/NativeOSFocusTests-generated-files.hmap -Xcc -I/Users/josephmccraw/Documents/GitHub/NativeUIAuditKit/.build/native-os-focus/DerivedData/Build/Intermediates.noindex/NativeOSFocus.build/Debug-appletvsimulator/NativeOSFocusTests.build/NativeOSFocusTests-own-target-headers.hmap -Xcc -I/Users/josephmccraw/Documents/GitHub/NativeUIAuditKit/.build/native-os-focus/DerivedData/Build/Intermediates.noindex/NativeOSFocus.build/Debug-appletvsimulator/NativeOSFocusTests.build/NativeOSFocusTests-all-target-headers.hmap -Xcc -iquote -Xcc /Users/josephmccraw/Documents/GitHub/NativeUIAuditKit/.build/native-os-focus/DerivedData/Build/Intermediates.noindex/NativeOSFocus.build/Debug-appletvsimulator/NativeOSFocusTests.build/NativeOSFocusTests-project-headers.hmap -Xcc -I/Users/josephmccraw/Documents/GitHub/NativeUIAuditKit/.build/native-os-focus/DerivedData/Build/Products/Debug-appletvsimulator/include -Xcc -I/Users/josephmccraw/Documents/GitHub/NativeUIAuditKit/.build/native-os-focus/DerivedData/Build/Intermediates.noindex/NativeOSFocus.build/Debug-appletvsimulator/NativeOSFocusTests.build/DerivedSources-normal/arm64 -Xcc -I/Users/josephmccraw/Documents/GitHub/NativeUIAuditKit/.build/native-os-focus/DerivedData/Build/Intermediates.noindex/NativeOSFocus.build/Debug-appletvsimulator/NativeOSFocusTests.build/DerivedSources/arm64 -Xcc -I/Users/josephmccraw/Documents/GitHub/NativeUIAuditKit/.build/native-os-focus/DerivedData/Build/Intermediates.noindex/NativeOSFocus.build/Debug-appletvsimulator/NativeOSFocusTests.build/DerivedSources -emit-objc-header -emit-objc-header-path /Users/josephmccraw/Documents/GitHub/NativeUIAuditKit/.build/native-os-focus/DerivedData/Build/Intermediates.noindex/NativeOSFocus.build/Debug-appletvsimulator/NativeOSFocusTests.build/Objects-normal/arm64/NativeOSFocusTests-Swift.h -working-directory /Users/josephmccraw/Documents/GitHub/NativeUIAuditKit/NativeOSFocus -experimental-emit-module-separately -disable-cmo

Ld /Users/josephmccraw/Documents/GitHub/NativeUIAuditKit/.build/native-os-focus/DerivedData/Build/Intermediates.noindex/NativeOSFocus.build/Debug-appletvsimulator/NativeOSFocusTests.build/Objects-normal/arm64/Binary/NativeOSFocusTests normal arm64 (in target 'NativeOSFocusTests' from project 'NativeOSFocus')
    cd /Users/josephmccraw/Documents/GitHub/NativeUIAuditKit/NativeOSFocus
    /Applications/Xcode.app/Contents/Developer/Toolchains/XcodeDefault.xctoolchain/usr/bin/clang -Xlinker -reproducible -target arm64-apple-tvos18.0-simulator -bundle -isysroot /Applications/Xcode.app/Contents/Developer/Platforms/AppleTVSimulator.platform/Developer/SDKs/AppleTVSimulator26.5.sdk -Os -L/Users/josephmccraw/Documents/GitHub/NativeUIAuditKit/.build/native-os-focus/DerivedData/Build/Intermediates.noindex/EagerLinkingTBDs/Debug-appletvsimulator -L/Users/josephmccraw/Documents/GitHub/NativeUIAuditKit/.build/native-os-focus/DerivedData/Build/Products/Debug-appletvsimulator -L/Applications/Xcode.app/Contents/Developer/Platforms/AppleTVSimulator.platform/Developer/usr/lib -F/Users/josephmccraw/Documents/GitHub/NativeUIAuditKit/.build/native-os-focus/DerivedData/Build/Intermediates.noindex/EagerLinkingTBDs/Debug-appletvsimulator -F/Users/josephmccraw/Documents/GitHub/NativeUIAuditKit/.build/native-os-focus/DerivedData/Build/Products/Debug-appletvsimulator -iframework /Applications/Xcode.app/Contents/Developer/Platforms/AppleTVSimulator.platform/Developer/Library/Frameworks -iframework /Applications/Xcode.app/Contents/Developer/Platforms/AppleTVSimulator.platform/Developer/SDKs/AppleTVSimulator26.5.sdk/Developer/Library/Frameworks -filelist /Users/josephmccraw/Documents/GitHub/NativeUIAuditKit/.build/native-os-focus/DerivedData/Build/Intermediates.noindex/NativeOSFocus.build/Debug-appletvsimulator/NativeOSFocusTests.build/Objects-normal/arm64/NativeOSFocusTests.LinkFileList -Xlinker -rpath -Xlinker /usr/lib/swift -Xlinker -rpath -Xlinker @loader_path/Frameworks -Xlinker -dead_strip -Xlinker -object_path_lto -Xlinker /Users/josephmccraw/Documents/GitHub/NativeUIAuditKit/.build/native-os-focus/DerivedData/Build/Intermediates.noindex/NativeOSFocus.build/Debug-appletvsimulator/NativeOSFocusTests.build/Objects-normal/arm64/NativeOSFocusTests_lto.o -Xlinker -objc_abi_version -Xlinker 2 -Xlinker -dependency_info -Xlinker /Users/josephmccraw/Documents/GitHub/NativeUIAuditKit/.build/native-os-focus/DerivedData/Build/Intermediates.noindex/NativeOSFocus.build/Debug-appletvsimulator/NativeOSFocusTests.build/Objects-normal/arm64/NativeOSFocusTests_dependency_info.dat -fobjc-link-runtime -L/Applications/Xcode.app/Contents/Developer/Toolchains/XcodeDefault.xctoolchain/usr/lib/swift/appletvsimulator -L/usr/lib/swift -Xlinker -add_ast_path -Xlinker /Users/josephmccraw/Documents/GitHub/NativeUIAuditKit/.build/native-os-focus/DerivedData/Build/Intermediates.noindex/NativeOSFocus.build/Debug-appletvsimulator/NativeOSFocusTests.build/Objects-normal/arm64/NativeOSFocusTests.swiftmodule @/Users/josephmccraw/Documents/GitHub/NativeUIAuditKit/.build/native-os-focus/DerivedData/Build/Intermediates.noindex/NativeOSFocus.build/Debug-appletvsimulator/NativeOSFocusTests.build/Objects-normal/arm64/NativeOSFocusTests-linker-args.resp -Xlinker -needed_framework -Xlinker XCTest -framework XCTest -Xlinker -needed-lXCTestSwiftSupport -lXCTestSwiftSupport -Xlinker -sectcreate -Xlinker __TEXT -Xlinker __entitlements -Xlinker /Users/josephmccraw/Documents/GitHub/NativeUIAuditKit/.build/native-os-focus/DerivedData/Build/Intermediates.noindex/NativeOSFocus.build/Debug-appletvsimulator/NativeOSFocusTests.build/NativeOSFocusTests.xctest-Simulated.xcent -Xlinker -sectcreate -Xlinker __TEXT -Xlinker __ents_der -Xlinker /Users/josephmccraw/Documents/GitHub/NativeUIAuditKit/.build/native-os-focus/DerivedData/Build/Intermediates.noindex/NativeOSFocus.build/Debug-appletvsimulator/NativeOSFocusTests.build/NativeOSFocusTests.xctest-Simulated.xcent.der -Xlinker -no_adhoc_codesign -o /Users/josephmccraw/Documents/GitHub/NativeUIAuditKit/.build/native-os-focus/DerivedData/Build/Intermediates.noindex/NativeOSFocus.build/Debug-appletvsimulator/NativeOSFocusTests.build/Objects-normal/arm64/Binary/NativeOSFocusTests

CreateUniversalBinary /Users/josephmccraw/Documents/GitHub/NativeUIAuditKit/.build/native-os-focus/DerivedData/Build/Products/Debug-appletvsimulator/NativeOSFocusTests-Runner.app/PlugIns/NativeOSFocusTests.xctest/NativeOSFocusTests normal arm64\ x86_64 (in target 'NativeOSFocusTests' from project 'NativeOSFocus')
    cd /Users/josephmccraw/Documents/GitHub/NativeUIAuditKit/NativeOSFocus
    /Applications/Xcode.app/Contents/Developer/Toolchains/XcodeDefault.xctoolchain/usr/bin/lipo -create /Users/josephmccraw/Documents/GitHub/NativeUIAuditKit/.build/native-os-focus/DerivedData/Build/Intermediates.noindex/NativeOSFocus.build/Debug-appletvsimulator/NativeOSFocusTests.build/Objects-normal/arm64/Binary/NativeOSFocusTests /Users/josephmccraw/Documents/GitHub/NativeUIAuditKit/.build/native-os-focus/DerivedData/Build/Intermediates.noindex/NativeOSFocus.build/Debug-appletvsimulator/NativeOSFocusTests.build/Objects-normal/x86_64/Binary/NativeOSFocusTests -output /Users/josephmccraw/Documents/GitHub/NativeUIAuditKit/.build/native-os-focus/DerivedData/Build/Products/Debug-appletvsimulator/NativeOSFocusTests-Runner.app/PlugIns/NativeOSFocusTests.xctest/NativeOSFocusTests

CopySwiftLibs /Users/josephmccraw/Documents/GitHub/NativeUIAuditKit/.build/native-os-focus/DerivedData/Build/Products/Debug-appletvsimulator/NativeOSFocusTests-Runner.app/PlugIns/NativeOSFocusTests.xctest (in target 'NativeOSFocusTests' from project 'NativeOSFocus')
    cd /Users/josephmccraw/Documents/GitHub/NativeUIAuditKit/NativeOSFocus
    builtin-swiftStdLibTool --copy --verbose --sign - --scan-executable /Users/josephmccraw/Documents/GitHub/NativeUIAuditKit/.build/native-os-focus/DerivedData/Build/Products/Debug-appletvsimulator/NativeOSFocusTests-Runner.app/PlugIns/NativeOSFocusTests.xctest/NativeOSFocusTests --scan-folder /Users/josephmccraw/Documents/GitHub/NativeUIAuditKit/.build/native-os-focus/DerivedData/Build/Products/Debug-appletvsimulator/NativeOSFocusTests-Runner.app/PlugIns/NativeOSFocusTests.xctest/Frameworks --scan-folder /Users/josephmccraw/Documents/GitHub/NativeUIAuditKit/.build/native-os-focus/DerivedData/Build/Products/Debug-appletvsimulator/NativeOSFocusTests-Runner.app/PlugIns/NativeOSFocusTests.xctest/PlugIns --scan-folder /Users/josephmccraw/Documents/GitHub/NativeUIAuditKit/.build/native-os-focus/DerivedData/Build/Products/Debug-appletvsimulator/NativeOSFocusTests-Runner.app/PlugIns/NativeOSFocusTests.xctest/SystemExtensions --scan-folder /Users/josephmccraw/Documents/GitHub/NativeUIAuditKit/.build/native-os-focus/DerivedData/Build/Products/Debug-appletvsimulator/NativeOSFocusTests-Runner.app/PlugIns/NativeOSFocusTests.xctest/Extensions --platform appletvsimulator --toolchain /Applications/Xcode.app/Contents/Developer/Toolchains/XcodeDefault.xctoolchain --destination /Users/josephmccraw/Documents/GitHub/NativeUIAuditKit/.build/native-os-focus/DerivedData/Build/Products/Debug-appletvsimulator/NativeOSFocusTests-Runner.app/PlugIns/NativeOSFocusTests.xctest/Frameworks --strip-bitcode --scan-executable /Applications/Xcode.app/Contents/Developer/Platforms/AppleTVSimulator.platform/Developer/usr/lib/libXCTestSwiftSupport.dylib --strip-bitcode-tool /Applications/Xcode.app/Contents/Developer/Toolchains/XcodeDefault.xctoolchain/usr/bin/bitcode_strip --emit-dependency-info /Users/josephmccraw/Documents/GitHub/NativeUIAuditKit/.build/native-os-focus/DerivedData/Build/Intermediates.noindex/NativeOSFocus.build/Debug-appletvsimulator/NativeOSFocusTests.build/SwiftStdLibToolInputDependencies.dep --filter-for-swift-os --back-deploy-swift-span

ExtractAppIntentsMetadata (in target 'NativeOSFocusTests' from project 'NativeOSFocus')
    cd /Users/josephmccraw/Documents/GitHub/NativeUIAuditKit/NativeOSFocus
    /Applications/Xcode.app/Contents/Developer/Toolchains/XcodeDefault.xctoolchain/usr/bin/appintentsmetadataprocessor --toolchain-dir /Applications/Xcode.app/Contents/Developer/Toolchains/XcodeDefault.xctoolchain --module-name NativeOSFocusTests --sdk-root /Applications/Xcode.app/Contents/Developer/Platforms/AppleTVSimulator.platform/Developer/SDKs/AppleTVSimulator26.5.sdk --xcode-version 17F113 --platform-family tvOS --deployment-target 18.0 --bundle-identifier org.nativeuiauditkit.NativeOSFocusTests --output /Users/josephmccraw/Documents/GitHub/NativeUIAuditKit/.build/native-os-focus/DerivedData/Build/Products/Debug-appletvsimulator/NativeOSFocusTests-Runner.app/PlugIns/NativeOSFocusTests.xctest --target-triple arm64-apple-tvos18.0-simulator --target-triple x86_64-apple-tvos18.0-simulator --binary-file /Users/josephmccraw/Documents/GitHub/NativeUIAuditKit/.build/native-os-focus/DerivedData/Build/Products/Debug-appletvsimulator/NativeOSFocusTests-Runner.app/PlugIns/NativeOSFocusTests.xctest/NativeOSFocusTests --dependency-file /Users/josephmccraw/Documents/GitHub/NativeUIAuditKit/.build/native-os-focus/DerivedData/Build/Intermediates.noindex/NativeOSFocus.build/Debug-appletvsimulator/NativeOSFocusTests.build/Objects-normal/arm64/NativeOSFocusTests_dependency_info.dat --dependency-file /Users/josephmccraw/Documents/GitHub/NativeUIAuditKit/.build/native-os-focus/DerivedData/Build/Intermediates.noindex/NativeOSFocus.build/Debug-appletvsimulator/NativeOSFocusTests.build/Objects-normal/x86_64/NativeOSFocusTests_dependency_info.dat --stringsdata-file /Users/josephmccraw/Documents/GitHub/NativeUIAuditKit/.build/native-os-focus/DerivedData/Build/Intermediates.noindex/NativeOSFocus.build/Debug-appletvsimulator/NativeOSFocusTests.build/Objects-normal/arm64/ExtractedAppShortcutsMetadata.stringsdata --stringsdata-file /Users/josephmccraw/Documents/GitHub/NativeUIAuditKit/.build/native-os-focus/DerivedData/Build/Intermediates.noindex/NativeOSFocus.build/Debug-appletvsimulator/NativeOSFocusTests.build/Objects-normal/x86_64/ExtractedAppShortcutsMetadata.stringsdata --source-file-list /Users/josephmccraw/Documents/GitHub/NativeUIAuditKit/.build/native-os-focus/DerivedData/Build/Intermediates.noindex/NativeOSFocus.build/Debug-appletvsimulator/NativeOSFocusTests.build/Objects-normal/arm64/NativeOSFocusTests.SwiftFileList --source-file-list /Users/josephmccraw/Documents/GitHub/NativeUIAuditKit/.build/native-os-focus/DerivedData/Build/Intermediates.noindex/NativeOSFocus.build/Debug-appletvsimulator/NativeOSFocusTests.build/Objects-normal/x86_64/NativeOSFocusTests.SwiftFileList --metadata-file-list /Users/josephmccraw/Documents/GitHub/NativeUIAuditKit/.build/native-os-focus/DerivedData/Build/Intermediates.noindex/NativeOSFocus.build/Debug-appletvsimulator/NativeOSFocusTests.build/NativeOSFocusTests.DependencyMetadataFileList --static-metadata-file-list /Users/josephmccraw/Documents/GitHub/NativeUIAuditKit/.build/native-os-focus/DerivedData/Build/Intermediates.noindex/NativeOSFocus.build/Debug-appletvsimulator/NativeOSFocusTests.build/NativeOSFocusTests.DependencyStaticMetadataFileList --swift-const-vals-list /Users/josephmccraw/Documents/GitHub/NativeUIAuditKit/.build/native-os-focus/DerivedData/Build/Intermediates.noindex/NativeOSFocus.build/Debug-appletvsimulator/NativeOSFocusTests.build/Objects-normal/arm64/NativeOSFocusTests.SwiftConstValuesFileList --swift-const-vals-list /Users/josephmccraw/Documents/GitHub/NativeUIAuditKit/.build/native-os-focus/DerivedData/Build/Intermediates.noindex/NativeOSFocus.build/Debug-appletvsimulator/NativeOSFocusTests.build/Objects-normal/x86_64/NativeOSFocusTests.SwiftConstValuesFileList --compile-time-extraction --deployment-aware-processing --validate-assistant-intents --no-app-shortcuts-localization
2026-09-21 23:48:28.866 appintentsmetadataprocessor[15458:4192775] Starting appintentsmetadataprocessor export
2026-09-21 23:48:28.873 appintentsmetadataprocessor[15458:4192775] warning: Metadata extraction skipped. No AppIntents.framework dependency found.

GenerateDSYMFile /Users/josephmccraw/Documents/GitHub/NativeUIAuditKit/.build/native-os-focus/DerivedData/Build/Products/Debug-appletvsimulator/NativeOSFocusTests-Runner.app/PlugIns/NativeOSFocusTests.xctest.dSYM /Users/josephmccraw/Documents/GitHub/NativeUIAuditKit/.build/native-os-focus/DerivedData/Build/Products/Debug-appletvsimulator/NativeOSFocusTests-Runner.app/PlugIns/NativeOSFocusTests.xctest/NativeOSFocusTests (in target 'NativeOSFocusTests' from project 'NativeOSFocus')
    cd /Users/josephmccraw/Documents/GitHub/NativeUIAuditKit/NativeOSFocus
    /Applications/Xcode.app/Contents/Developer/Toolchains/XcodeDefault.xctoolchain/usr/bin/dsymutil /Users/josephmccraw/Documents/GitHub/NativeUIAuditKit/.build/native-os-focus/DerivedData/Build/Products/Debug-appletvsimulator/NativeOSFocusTests-Runner.app/PlugIns/NativeOSFocusTests.xctest/NativeOSFocusTests -o /Users/josephmccraw/Documents/GitHub/NativeUIAuditKit/.build/native-os-focus/DerivedData/Build/Products/Debug-appletvsimulator/NativeOSFocusTests-Runner.app/PlugIns/NativeOSFocusTests.xctest.dSYM

CopyPlistFile /Users/josephmccraw/Documents/GitHub/NativeUIAuditKit/.build/native-os-focus/DerivedData/Build/Products/Debug-appletvsimulator/NativeOSFocusTests-Runner.app/Info.plist /Applications/Xcode.app/Contents/Developer/Platforms/AppleTVSimulator.platform/Developer/Library/Xcode/Agents/XCTRunner.app/Info.plist (in target 'NativeOSFocusTests' from project 'NativeOSFocus')
    cd /Users/josephmccraw/Documents/GitHub/NativeUIAuditKit/NativeOSFocus
    builtin-copyPlist --validate --convert xml1 --macro-expansion WRAPPEDPRODUCTNAME NativeOSFocusTests-Runner --macro-expansion WRAPPEDPRODUCTBUNDLEIDENTIFIER org.nativeuiauditkit.NativeOSFocusTests.xctrunner --macro-expansion TESTPRODUCTNAME NativeOSFocusTests --macro-expansion TESTPRODUCTBUNDLEIDENTIFIER org.nativeuiauditkit.NativeOSFocusTests --copy-value UIDeviceFamily /Users/josephmccraw/Documents/GitHub/NativeUIAuditKit/.build/native-os-focus/DerivedData/Build/Products/Debug-appletvsimulator/NativeOSFocusTests-Runner.app/PlugIns/NativeOSFocusTests.xctest/Info.plist --outdir /Users/josephmccraw/Documents/GitHub/NativeUIAuditKit/.build/native-os-focus/DerivedData/Build/Products/Debug-appletvsimulator/NativeOSFocusTests-Runner.app -- /Applications/Xcode.app/Contents/Developer/Platforms/AppleTVSimulator.platform/Developer/Library/Xcode/Agents/XCTRunner.app/Info.plist

Copy /Users/josephmccraw/Documents/GitHub/NativeUIAuditKit/.build/native-os-focus/DerivedData/Build/Products/Debug-appletvsimulator/NativeOSFocusTests-Runner.app/PkgInfo /Applications/Xcode.app/Contents/Developer/Platforms/AppleTVSimulator.platform/Developer/Library/Xcode/Agents/XCTRunner.app/PkgInfo (in target 'NativeOSFocusTests' from project 'NativeOSFocus')
    cd /Users/josephmccraw/Documents/GitHub/NativeUIAuditKit/NativeOSFocus
    builtin-copy -exclude .DS_Store -exclude CVS -exclude .svn -exclude .git -exclude .hg -strip-unsigned-binaries -strip-deterministic -strip-tool /Applications/Xcode.app/Contents/Developer/Toolchains/XcodeDefault.xctoolchain/usr/bin/strip -resolve-src-symlinks /Applications/Xcode.app/Contents/Developer/Platforms/AppleTVSimulator.platform/Developer/Library/Xcode/Agents/XCTRunner.app/PkgInfo /Users/josephmccraw/Documents/GitHub/NativeUIAuditKit/.build/native-os-focus/DerivedData/Build/Products/Debug-appletvsimulator/NativeOSFocusTests-Runner.app

CopyAndPreserveArchs /Users/josephmccraw/Documents/GitHub/NativeUIAuditKit/.build/native-os-focus/DerivedData/Build/Products/Debug-appletvsimulator/NativeOSFocusTests-Runner.app/NativeOSFocusTests-Runner (in target 'NativeOSFocusTests' from project 'NativeOSFocus')
    cd /Users/josephmccraw/Documents/GitHub/NativeUIAuditKit/NativeOSFocus
    /Applications/Xcode.app/Contents/Developer/Toolchains/XcodeDefault.xctoolchain/usr/bin/lipo /Applications/Xcode.app/Contents/Developer/Platforms/AppleTVSimulator.platform/Developer/Library/Xcode/Agents/XCTRunner.app/XCTRunner -output /Users/josephmccraw/Documents/GitHub/NativeUIAuditKit/.build/native-os-focus/DerivedData/Build/Products/Debug-appletvsimulator/NativeOSFocusTests-Runner.app/NativeOSFocusTests-Runner -extract arm64 -extract x86_64

Copy /Users/josephmccraw/Documents/GitHub/NativeUIAuditKit/.build/native-os-focus/DerivedData/Build/Products/Debug-appletvsimulator/NativeOSFocusTests-Runner.app/Frameworks/XCTestSupport.framework /Applications/Xcode.app/Contents/Developer/Platforms/AppleTVSimulator.platform/Developer/Library/PrivateFrameworks/XCTestSupport.framework (in target 'NativeOSFocusTests' from project 'NativeOSFocus')
    cd /Users/josephmccraw/Documents/GitHub/NativeUIAuditKit/NativeOSFocus
    builtin-copy -exclude .DS_Store -exclude CVS -exclude .svn -exclude .git -exclude .hg -exclude Headers -exclude PrivateHeaders -exclude Modules -exclude \*.tbd -strip-unsigned-binaries -strip-deterministic -strip-tool /Applications/Xcode.app/Contents/Developer/Toolchains/XcodeDefault.xctoolchain/usr/bin/strip -resolve-src-symlinks /Applications/Xcode.app/Contents/Developer/Platforms/AppleTVSimulator.platform/Developer/Library/PrivateFrameworks/XCTestSupport.framework /Users/josephmccraw/Documents/GitHub/NativeUIAuditKit/.build/native-os-focus/DerivedData/Build/Products/Debug-appletvsimulator/NativeOSFocusTests-Runner.app/Frameworks
warning: not stripping binary because it is signed: /Applications/Xcode.app/Contents/Developer/Platforms/AppleTVSimulator.platform/Developer/Library/PrivateFrameworks/XCTestSupport.framework/XCTestSupport (in target 'NativeOSFocusTests' from project 'NativeOSFocus')

Copy /Users/josephmccraw/Documents/GitHub/NativeUIAuditKit/.build/native-os-focus/DerivedData/Build/Products/Debug-appletvsimulator/NativeOSFocusTests-Runner.app/Frameworks/XCUnit.framework /Applications/Xcode.app/Contents/Developer/Platforms/AppleTVSimulator.platform/Developer/Library/PrivateFrameworks/XCUnit.framework (in target 'NativeOSFocusTests' from project 'NativeOSFocus')
    cd /Users/josephmccraw/Documents/GitHub/NativeUIAuditKit/NativeOSFocus
    builtin-copy -exclude .DS_Store -exclude CVS -exclude .svn -exclude .git -exclude .hg -exclude Headers -exclude PrivateHeaders -exclude Modules -exclude \*.tbd -strip-unsigned-binaries -strip-deterministic -strip-tool /Applications/Xcode.app/Contents/Developer/Toolchains/XcodeDefault.xctoolchain/usr/bin/strip -resolve-src-symlinks /Applications/Xcode.app/Contents/Developer/Platforms/AppleTVSimulator.platform/Developer/Library/PrivateFrameworks/XCUnit.framework /Users/josephmccraw/Documents/GitHub/NativeUIAuditKit/.build/native-os-focus/DerivedData/Build/Products/Debug-appletvsimulator/NativeOSFocusTests-Runner.app/Frameworks
warning: not stripping binary because it is signed: /Applications/Xcode.app/Contents/Developer/Platforms/AppleTVSimulator.platform/Developer/Library/PrivateFrameworks/XCUnit.framework/XCUnit (in target 'NativeOSFocusTests' from project 'NativeOSFocus')

Copy /Users/josephmccraw/Documents/GitHub/NativeUIAuditKit/.build/native-os-focus/DerivedData/Build/Products/Debug-appletvsimulator/NativeOSFocusTests-Runner.app/Frameworks/XCTestCore.framework /Applications/Xcode.app/Contents/Developer/Platforms/AppleTVSimulator.platform/Developer/Library/PrivateFrameworks/XCTestCore.framework (in target 'NativeOSFocusTests' from project 'NativeOSFocus')
    cd /Users/josephmccraw/Documents/GitHub/NativeUIAuditKit/NativeOSFocus
    builtin-copy -exclude .DS_Store -exclude CVS -exclude .svn -exclude .git -exclude .hg -exclude Headers -exclude PrivateHeaders -exclude Modules -exclude \*.tbd -strip-unsigned-binaries -strip-deterministic -strip-tool /Applications/Xcode.app/Contents/Developer/Toolchains/XcodeDefault.xctoolchain/usr/bin/strip -resolve-src-symlinks /Applications/Xcode.app/Contents/Developer/Platforms/AppleTVSimulator.platform/Developer/Library/PrivateFrameworks/XCTestCore.framework /Users/josephmccraw/Documents/GitHub/NativeUIAuditKit/.build/native-os-focus/DerivedData/Build/Products/Debug-appletvsimulator/NativeOSFocusTests-Runner.app/Frameworks
warning: not stripping binary because it is signed: /Applications/Xcode.app/Contents/Developer/Platforms/AppleTVSimulator.platform/Developer/Library/PrivateFrameworks/XCTestCore.framework/XCTestCore (in target 'NativeOSFocusTests' from project 'NativeOSFocus')

MkDir /Users/josephmccraw/Documents/GitHub/NativeUIAuditKit/.build/native-os-focus/DerivedData/Build/Products/Debug-appletvsimulator/NativeOSFocusTests-Runner.app (in target 'NativeOSFocusTests' from project 'NativeOSFocus')
    cd /Users/josephmccraw/Documents/GitHub/NativeUIAuditKit/NativeOSFocus
    /bin/mkdir -p /Users/josephmccraw/Documents/GitHub/NativeUIAuditKit/.build/native-os-focus/DerivedData/Build/Products/Debug-appletvsimulator/NativeOSFocusTests-Runner.app

Copy /Users/josephmccraw/Documents/GitHub/NativeUIAuditKit/.build/native-os-focus/DerivedData/Build/Products/Debug-appletvsimulator/NativeOSFocusTests-Runner.app/Frameworks/XCUIAutomation.framework /Applications/Xcode.app/Contents/Developer/Platforms/AppleTVSimulator.platform/Developer/Library/Frameworks/XCUIAutomation.framework (in target 'NativeOSFocusTests' from project 'NativeOSFocus')
    cd /Users/josephmccraw/Documents/GitHub/NativeUIAuditKit/NativeOSFocus
    builtin-copy -exclude .DS_Store -exclude CVS -exclude .svn -exclude .git -exclude .hg -exclude Headers -exclude PrivateHeaders -exclude Modules -exclude \*.tbd -strip-unsigned-binaries -strip-deterministic -strip-tool /Applications/Xcode.app/Contents/Developer/Toolchains/XcodeDefault.xctoolchain/usr/bin/strip -resolve-src-symlinks /Applications/Xcode.app/Contents/Developer/Platforms/AppleTVSimulator.platform/Developer/Library/Frameworks/XCUIAutomation.framework /Users/josephmccraw/Documents/GitHub/NativeUIAuditKit/.build/native-os-focus/DerivedData/Build/Products/Debug-appletvsimulator/NativeOSFocusTests-Runner.app/Frameworks
warning: not stripping binary because it is signed: /Applications/Xcode.app/Contents/Developer/Platforms/AppleTVSimulator.platform/Developer/Library/Frameworks/XCUIAutomation.framework/XCUIAutomation (in target 'NativeOSFocusTests' from project 'NativeOSFocus')

Copy /Users/josephmccraw/Documents/GitHub/NativeUIAuditKit/.build/native-os-focus/DerivedData/Build/Products/Debug-appletvsimulator/NativeOSFocusTests-Runner.app/Frameworks/libXCTestSwiftSupport.dylib /Applications/Xcode.app/Contents/Developer/Platforms/AppleTVSimulator.platform/Developer/usr/lib/libXCTestSwiftSupport.dylib (in target 'NativeOSFocusTests' from project 'NativeOSFocus')
    cd /Users/josephmccraw/Documents/GitHub/NativeUIAuditKit/NativeOSFocus
    builtin-copy -exclude .DS_Store -exclude CVS -exclude .svn -exclude .git -exclude .hg -exclude Headers -exclude PrivateHeaders -exclude Modules -exclude \*.tbd -strip-unsigned-binaries -strip-deterministic -strip-tool /Applications/Xcode.app/Contents/Developer/Toolchains/XcodeDefault.xctoolchain/usr/bin/strip -resolve-src-symlinks /Applications/Xcode.app/Contents/Developer/Platforms/AppleTVSimulator.platform/Developer/usr/lib/libXCTestSwiftSupport.dylib /Users/josephmccraw/Documents/GitHub/NativeUIAuditKit/.build/native-os-focus/DerivedData/Build/Products/Debug-appletvsimulator/NativeOSFocusTests-Runner.app/Frameworks
warning: not stripping binary because it is signed: /Applications/Xcode.app/Contents/Developer/Platforms/AppleTVSimulator.platform/Developer/usr/lib/libXCTestSwiftSupport.dylib (in target 'NativeOSFocusTests' from project 'NativeOSFocus')

Copy /Users/josephmccraw/Documents/GitHub/NativeUIAuditKit/.build/native-os-focus/DerivedData/Build/Products/Debug-appletvsimulator/NativeOSFocusTests-Runner.app/Frameworks/XCTest.framework /Applications/Xcode.app/Contents/Developer/Platforms/AppleTVSimulator.platform/Developer/Library/Frameworks/XCTest.framework (in target 'NativeOSFocusTests' from project 'NativeOSFocus')
    cd /Users/josephmccraw/Documents/GitHub/NativeUIAuditKit/NativeOSFocus
    builtin-copy -exclude .DS_Store -exclude CVS -exclude .svn -exclude .git -exclude .hg -exclude Headers -exclude PrivateHeaders -exclude Modules -exclude \*.tbd -strip-unsigned-binaries -strip-deterministic -strip-tool /Applications/Xcode.app/Contents/Developer/Toolchains/XcodeDefault.xctoolchain/usr/bin/strip -resolve-src-symlinks /Applications/Xcode.app/Contents/Developer/Platforms/AppleTVSimulator.platform/Developer/Library/Frameworks/XCTest.framework /Users/josephmccraw/Documents/GitHub/NativeUIAuditKit/.build/native-os-focus/DerivedData/Build/Products/Debug-appletvsimulator/NativeOSFocusTests-Runner.app/Frameworks
warning: not stripping binary because it is signed: /Applications/Xcode.app/Contents/Developer/Platforms/AppleTVSimulator.platform/Developer/Library/Frameworks/XCTest.framework/XCTest (in target 'NativeOSFocusTests' from project 'NativeOSFocus')

Copy /Users/josephmccraw/Documents/GitHub/NativeUIAuditKit/.build/native-os-focus/DerivedData/Build/Products/Debug-appletvsimulator/NativeOSFocusTests-Runner.app/Frameworks/XCTAutomationSupport.framework /Applications/Xcode.app/Contents/Developer/Platforms/AppleTVSimulator.platform/Developer/Library/PrivateFrameworks/XCTAutomationSupport.framework (in target 'NativeOSFocusTests' from project 'NativeOSFocus')
    cd /Users/josephmccraw/Documents/GitHub/NativeUIAuditKit/NativeOSFocus
    builtin-copy -exclude .DS_Store -exclude CVS -exclude .svn -exclude .git -exclude .hg -exclude Headers -exclude PrivateHeaders -exclude Modules -exclude \*.tbd -strip-unsigned-binaries -strip-deterministic -strip-tool /Applications/Xcode.app/Contents/Developer/Toolchains/XcodeDefault.xctoolchain/usr/bin/strip -resolve-src-symlinks /Applications/Xcode.app/Contents/Developer/Platforms/AppleTVSimulator.platform/Developer/Library/PrivateFrameworks/XCTAutomationSupport.framework /Users/josephmccraw/Documents/GitHub/NativeUIAuditKit/.build/native-os-focus/DerivedData/Build/Products/Debug-appletvsimulator/NativeOSFocusTests-Runner.app/Frameworks
warning: not stripping binary because it is signed: /Applications/Xcode.app/Contents/Developer/Platforms/AppleTVSimulator.platform/Developer/Library/PrivateFrameworks/XCTAutomationSupport.framework/XCTAutomationSupport (in target 'NativeOSFocusTests' from project 'NativeOSFocus')

Copy /Users/josephmccraw/Documents/GitHub/NativeUIAuditKit/.build/native-os-focus/DerivedData/Build/Products/Debug-appletvsimulator/NativeOSFocusTests-Runner.app/Frameworks/Testing.framework /Applications/Xcode.app/Contents/Developer/Platforms/AppleTVSimulator.platform/Developer/Library/Frameworks/Testing.framework (in target 'NativeOSFocusTests' from project 'NativeOSFocus')
    cd /Users/josephmccraw/Documents/GitHub/NativeUIAuditKit/NativeOSFocus
    builtin-copy -exclude .DS_Store -exclude CVS -exclude .svn -exclude .git -exclude .hg -exclude Headers -exclude PrivateHeaders -exclude Modules -exclude \*.tbd -strip-unsigned-binaries -strip-deterministic -strip-tool /Applications/Xcode.app/Contents/Developer/Toolchains/XcodeDefault.xctoolchain/usr/bin/strip -resolve-src-symlinks /Applications/Xcode.app/Contents/Developer/Platforms/AppleTVSimulator.platform/Developer/Library/Frameworks/Testing.framework /Users/josephmccraw/Documents/GitHub/NativeUIAuditKit/.build/native-os-focus/DerivedData/Build/Products/Debug-appletvsimulator/NativeOSFocusTests-Runner.app/Frameworks
warning: not stripping binary because it is signed: /Applications/Xcode.app/Contents/Developer/Platforms/AppleTVSimulator.platform/Developer/Library/Frameworks/Testing.framework/Testing (in target 'NativeOSFocusTests' from project 'NativeOSFocus')

CodeSign /Users/josephmccraw/Documents/GitHub/NativeUIAuditKit/.build/native-os-focus/DerivedData/Build/Products/Debug-appletvsimulator/NativeOSFocusTests-Runner.app/PlugIns/NativeOSFocusTests.xctest (in target 'NativeOSFocusTests' from project 'NativeOSFocus')
    cd /Users/josephmccraw/Documents/GitHub/NativeUIAuditKit/NativeOSFocus
    
    Signing Identity:     "Sign to Run Locally"
    
    /usr/bin/codesign --force --sign - --timestamp\=none --generate-entitlement-der /Users/josephmccraw/Documents/GitHub/NativeUIAuditKit/.build/native-os-focus/DerivedData/Build/Products/Debug-appletvsimulator/NativeOSFocusTests-Runner.app/PlugIns/NativeOSFocusTests.xctest
/Users/josephmccraw/Documents/GitHub/NativeUIAuditKit/.build/native-os-focus/DerivedData/Build/Products/Debug-appletvsimulator/NativeOSFocusTests-Runner.app/PlugIns/NativeOSFocusTests.xctest: resource fork, Finder information, or similar detritus not allowed
Command CodeSign failed with a nonzero exit code

** TEST BUILD FAILED **


The following build commands failed:
	CodeSign /Users/josephmccraw/Documents/GitHub/NativeUIAuditKit/.build/native-os-focus/DerivedData/Build/Products/Debug-appletvsimulator/NativeOSFocusTests-Runner.app/PlugIns/NativeOSFocusTests.xctest (in target 'NativeOSFocusTests' from project 'NativeOSFocus')
	Building project NativeOSFocus for testing with scheme NativeOSFocus
(2 failures)
